TABLE_SCHEMA,TABLE_NAME,COLUMN_NAME,ORDINAL_POSITION,DATA_TYPE,CHARACTER_MAXIMUM_LENGTH,NUMERIC_PRECISION,NUMERIC_SCALE,DATETIME_PRECISION,IS_NULLABLE,COLUMN_DEFAULT,COLLATION_NAME
dbo,ACCOUNT_COMBINATION,COMBINATION_ID,1,bigint,NULL,19,0,NULL,NO,NULL,NULL
dbo,ACCOUNT_COMBINATION,SEGMENT1,2,char,4,NULL,NULL,NULL,NO,NULL,SQL_Latin1_General_CP1_CI_AS
dbo,ACCOUNT_COMBINATION,SEGMENT2,3,char,3,NULL,NULL,NULL,NO,NULL,SQL_Latin1_General_CP1_CI_AS
dbo,ACCOUNT_COMBINATION,SEGMENT3,4,char,6,NULL,NULL,NULL,NO,NULL,SQL_Latin1_General_CP1_CI_AS
dbo,ACCOUNT_COMBINATION,SEGMENT4,5,char,4,NULL,NULL,NULL,NO,NULL,SQL_Latin1_General_CP1_CI_AS
dbo,ACCOUNT_COMBINATION,ACTIVE,6,bit,NULL,NULL,NULL,NULL,NO,((0)),NULL
dbo,ACCOUNT_COMBINATION,NoteID,7,float,NULL,53,NULL,NULL,YES,NULL,NULL
dbo,AP_ADJUST_INVOICE,AAI_ID,1,bigint,NULL,19,0,NULL,NO,NULL,NULL
dbo,AP_ADJUST_INVOICE,AAI_APR_NO,2,bigint,NULL,19,0,NULL,YES,NULL,NULL
dbo,AP_ADJUST_INVOICE,AAI_AI_NO,3,bigint,NULL,19,0,NULL,YES,NULL,NULL
dbo,AP_ADJUST_INVOICE,AAI_AI_DATE,4,datetime,NULL,NULL,NULL,3,YES,NULL,NULL
dbo,AP_ADJUST_INVOICE,AAI_AI_AMOUNT,5,float,NULL,53,NULL,NULL,YES,NULL,NULL
dbo,AP_ADJUST_INVOICE,AAI_PEN_AMOUNT,6,float,NULL,53,NULL,NULL,YES,NULL,NULL
dbo,AP_ADJUST_INVOICE,AAI_ADJUST,7,float,NULL,53,NULL,NULL,YES,NULL,NULL
dbo,AP_ADJUST_INVOICE,AAI_AS_ID,8,int,NULL,10,0,NULL,YES,NULL,NULL
dbo,AP_DEBIT_NOTE,ACN_NO,1,bigint,NULL,19,0,NULL,NO,NULL,NULL
dbo,AP_DEBIT_NOTE,ACN_DATE,2,datetime,NULL,NULL,NULL,3,YES,NULL,NULL
dbo,AP_DEBIT_NOTE,ACN_AI_NO,3,int,NULL,10,0,NULL,YES,NULL,NULL
dbo,AP_DEBIT_NOTE,ACN_NAME,4,varchar,50,NULL,NULL,NULL,YES,NULL,SQL_Latin1_General_CP1_CI_AS
dbo,AP_DEBIT_NOTE,ACN_CC_ID,5,int,NULL,10,0,NULL,YES,NULL,NULL
dbo,AP_DEBIT_NOTE,ACN_AMOUNT,6,float,NULL,53,NULL,NULL,YES,NULL,NULL
dbo,AP_DEBIT_NOTE,ACN_TYPE,7,varchar,50,NULL,NULL,NULL,YES,NULL,SQL_Latin1_General_CP1_CI_AS
dbo,AP_DEBIT_NOTE,ACN_POST,8,bit,NULL,NULL,NULL,NULL,YES,NULL,NULL
dbo,AP_DEBIT_NOTE,ACN_INV_GL,9,bit,NULL,NULL,NULL,NULL,YES,NULL,NULL
dbo,AP_DEBIT_NOTE,ACN_AS_ID,10,bigint,NULL,19,0,NULL,YES,NULL,NULL
dbo,AP_DEBIT_NOTE,ACN_TM_ID,11,int,NULL,10,0,NULL,YES,NULL,NULL
dbo,AP_INV_DEL_DATA,AI_AO_AC_ID,1,varchar,10,NULL,NULL,NULL,YES,NULL,SQL_Latin1_General_CP1_CI_AS
dbo,AP_INV_DEL_DATA,AI_AMOUNT,2,bigint,NULL,19,0,NULL,YES,NULL,NULL
dbo,AP_INVOICE,AI_NO,1,bigint,NULL,19,0,NULL,NO,NULL,NULL
dbo,AP_INVOICE,AI_DATE,2,datetime,NULL,NULL,NULL,3,YES,NULL,NULL
dbo,AP_INVOICE,AI_REMARKS,3,varchar,255,NULL,NULL,NULL,YES,NULL,SQL_Latin1_General_CP1_CI_AS
dbo,AP_INVOICE,AI_SUPPLIER_REF,4,varchar,50,NULL,NULL,NULL,YES,NULL,SQL_Latin1_General_CP1_CI_AS
dbo,AP_INVOICE,AI_AC_ID,5,int,NULL,10,0,NULL,YES,NULL,NULL
dbo,AP_INVOICE,AI_RMKS,6,varchar,255,NULL,NULL,NULL,YES,NULL,SQL_Latin1_General_CP1_CI_AS
dbo,AP_INVOICE,AI_AMOUNT,7,float,NULL,53,NULL,NULL,YES,NULL,NULL
dbo,AP_INVOICE,AI_TYPE,8,varchar,50,NULL,NULL,NULL,YES,NULL,SQL_Latin1_General_CP1_CI_AS
dbo,AP_INVOICE,AI_POST,9,bit,NULL,NULL,NULL,NULL,YES,NULL,NULL
dbo,AP_INVOICE,AI_AS_ID,10,int,NULL,10,0,NULL,YES,NULL,NULL
dbo,AP_INVOICE,AI_CANCEL,11,bit,NULL,NULL,NULL,NULL,YES,NULL,NULL
dbo,AP_INVOICE,AI_CANCEL_DATE,12,datetime,NULL,NULL,NULL,3,YES,NULL,NULL
dbo,AP_INVOICE,AI_INV_GL,13,bit,NULL,NULL,NULL,NULL,YES,NULL,NULL
dbo,AP_INVOICE,AI_CAN_GL,14,bit,NULL,NULL,NULL,NULL,YES,NULL,NULL
dbo,AP_INVOICE,AI_PAY_TO,15,varchar,50,NULL,NULL,NULL,YES,NULL,SQL_Latin1_General_CP1_CI_AS
dbo,AP_INVOICE,AI_TM_ID,16,int,NULL,10,0,NULL,YES,NULL,NULL
dbo,AP_INVOICE,AP_APR_NO,17,bigint,NULL,19,0,NULL,YES,NULL,NULL
dbo,AP_PAYMENT_RECEIPT,APR_NO,1,bigint,NULL,19,0,NULL,NO,NULL,NULL
dbo,AP_PAYMENT_RECEIPT,APR_DATE,2,datetime,NULL,NULL,NULL,3,YES,NULL,NULL
dbo,AP_PAYMENT_RECEIPT,APR_DESCRIPTION,3,varchar,100,NULL,NULL,NULL,YES,NULL,SQL_Latin1_General_CP1_CI_AS
dbo,AP_PAYMENT_RECEIPT,APR_AS_ID,4,bigint,NULL,19,0,NULL,YES,NULL,NULL
dbo,AP_PAYMENT_RECEIPT,APR_BANK_ID,5,int,NULL,10,0,NULL,YES,NULL,NULL
dbo,AP_PAYMENT_RECEIPT,APR_PAYMENT_AMOUNT,6,float,NULL,53,NULL,NULL,YES,NULL,NULL
dbo,AP_PAYMENT_RECEIPT,APR_POST,7,bit,NULL,NULL,NULL,NULL,YES,NULL,NULL
dbo,AP_PAYMENT_RECEIPT,APR_GL,8,bit,NULL,NULL,NULL,NULL,YES,NULL,NULL
dbo,AP_PAYMENT_RECEIPT,APR_Cancel,9,bit,NULL,NULL,NULL,NULL,YES,NULL,NULL
dbo,AP_PAYMENT_RECEIPT,apr_Can_date,10,datetime,NULL,NULL,NULL,3,YES,NULL,NULL
dbo,AP_PAYMENT_RECEIPT,apr_can_GL,11,bit,NULL,NULL,NULL,NULL,YES,NULL,NULL
dbo,AP_PAYMENT_RECEIPT,APR_CHQ_NO,12,varchar,50,NULL,NULL,NULL,YES,NULL,SQL_Latin1_General_CP1_CI_AS
dbo,AP_PAYMENT_TAX,APT_ID,1,bigint,NULL,19,0,NULL,NO,NULL,NULL
dbo,AP_PAYMENT_TAX,APT_APR_NO,2,bigint,NULL,19,0,NULL,YES,NULL,NULL
dbo,AP_PAYMENT_TAX,APT_TD_ID,3,bigint,NULL,19,0,NULL,YES,NULL,NULL
dbo,AP_PAYMENT_TAX,APT_TAX_AMOUNT,4,float,NULL,53,NULL,NULL,YES,NULL,NULL
dbo,AP_SUPPLIER,AS_ID,1,int,NULL,10,0,NULL,NO,NULL,NULL
dbo,AP_SUPPLIER,AS_Supplier_Name,2,varchar,100,NULL,NULL,NULL,YES,NULL,SQL_Latin1_General_CP1_CI_AS
dbo,AP_SUPPLIER,AS_AC_ID,3,bigint,NULL,19,0,NULL,YES,NULL,NULL
dbo,AP_SUPPLIER,AS_strno,4,varchar,50,NULL,NULL,NULL,YES,NULL,SQL_Latin1_General_CP1_CI_AS
dbo,AP_SUPPLIER,AS_ntnno,5,varchar,50,NULL,NULL,NULL,YES,NULL,SQL_Latin1_General_CP1_CI_AS
dbo,AP_SUPPLIER,AS_address,6,varchar,200,NULL,NULL,NULL,YES,NULL,SQL_Latin1_General_CP1_CI_AS
dbo,AP_SUPPLIER,AS_opbal_r,7,float,NULL,53,NULL,NULL,YES,NULL,NULL
dbo,AP_SUPPLIER,CRDays,8,int,NULL,10,0,NULL,YES,NULL,NULL
dbo,AR_ADJUST_INVOICE,AAI_ID,1,bigint,NULL,19,0,NULL,NO,NULL,NULL
dbo,AR_ADJUST_INVOICE,AAI_APR_NO,2,bigint,NULL,19,0,NULL,YES,NULL,NULL
dbo,AR_ADJUST_INVOICE,AAI_AI_NO,3,bigint,NULL,19,0,NULL,YES,NULL,NULL
dbo,AR_ADJUST_INVOICE,AAI_AI_DATE,4,datetime,NULL,NULL,NULL,3,YES,NULL,NULL
dbo,AR_ADJUST_INVOICE,AAI_AI_AMOUNT,5,float,NULL,53,NULL,NULL,YES,NULL,NULL
dbo,AR_ADJUST_INVOICE,AAI_PEN_AMOUNT,6,float,NULL,53,NULL,NULL,YES,NULL,NULL
dbo,AR_ADJUST_INVOICE,AAI_ADJUST,7,float,NULL,53,NULL,NULL,YES,NULL,NULL
dbo,AR_ADJUST_INVOICE,AAI_CO_ID,8,int,NULL,10,0,NULL,YES,NULL,NULL
dbo,AR_Companies,CO_ID,1,int,NULL,10,0,NULL,NO,NULL,NULL
dbo,AR_Companies,CRDays,2,int,NULL,10,0,NULL,YES,NULL,NULL
dbo,AR_Companies,CO_Company_Id,3,int,NULL,10,0,NULL,YES,NULL,NULL
dbo,AR_Companies,CO_Company_Name,4,varchar,100,NULL,NULL,NULL,YES,NULL,SQL_Latin1_General_CP1_CI_AS
dbo,AR_Companies,CO_AC_ID,5,bigint,NULL,19,0,NULL,YES,NULL,NULL
dbo,AR_Companies,co_strno,6,varchar,50,NULL,NULL,NULL,YES,NULL,SQL_Latin1_General_CP1_CI_AS
dbo,AR_Companies,co_ntnno,7,varchar,50,NULL,NULL,NULL,YES,NULL,SQL_Latin1_General_CP1_CI_AS
dbo,AR_Companies,co_address,8,varchar,200,NULL,NULL,NULL,YES,NULL,SQL_Latin1_General_CP1_CI_AS
dbo,AR_Companies,co_opbal_r,9,float,NULL,53,NULL,NULL,YES,NULL,NULL
dbo,AR_Companies,CO_Corporate,10,bit,NULL,NULL,NULL,NULL,YES,NULL,NULL
dbo,AR_CREDIT_NOTE,ACN_NO,1,bigint,NULL,19,0,NULL,NO,NULL,NULL
dbo,AR_CREDIT_NOTE,ACN_DATE,2,datetime,NULL,NULL,NULL,3,YES,NULL,NULL
dbo,AR_CREDIT_NOTE,ACN_AI_NO,3,int,NULL,10,0,NULL,YES,NULL,NULL
dbo,AR_CREDIT_NOTE,ACN_NAME,4,varchar,50,NULL,NULL,NULL,YES,NULL,SQL_Latin1_General_CP1_CI_AS
dbo,AR_CREDIT_NOTE,ACN_IM_ID,5,int,NULL,10,0,NULL,NO,NULL,NULL
dbo,AR_CREDIT_NOTE,ACN_AMOUNT,6,float,NULL,53,NULL,NULL,YES,NULL,NULL
dbo,AR_CREDIT_NOTE,ACN_TYPE,7,varchar,50,NULL,NULL,NULL,YES,NULL,SQL_Latin1_General_CP1_CI_AS
dbo,AR_CREDIT_NOTE,ACN_POST,8,bit,NULL,NULL,NULL,NULL,YES,NULL,NULL
dbo,AR_CREDIT_NOTE,ACN_INV_GL,9,bit,NULL,NULL,NULL,NULL,YES,NULL,NULL
dbo,AR_CREDIT_NOTE,ACN_CO_ID,10,bigint,NULL,19,0,NULL,YES,NULL,NULL
dbo,AR_CREDIT_NOTE,ACN_DESCR,11,varchar,100,NULL,NULL,NULL,YES,NULL,SQL_Latin1_General_CP1_CI_AS
dbo,AR_DEAL_DETAIL,DD_ID,1,int,NULL,10,0,NULL,NO,NULL,NULL
dbo,AR_DEAL_DETAIL,DD_DESCRIPTION,2,varchar,50,NULL,NULL,NULL,NO,NULL,SQL_Latin1_General_CP1_CI_AS
dbo,AR_DEAL_DETAIL,DD_CO_ID,3,int,NULL,10,0,NULL,NO,NULL,NULL
dbo,AR_DEAL_DETAIL,DD_VEHICLE_MAKE,4,varchar,50,NULL,NULL,NULL,YES,NULL,SQL_Latin1_General_CP1_CI_AS
dbo,AR_DEAL_DETAIL,DD_VEHICLE_MODEL,5,varchar,50,NULL,NULL,NULL,YES,NULL,SQL_Latin1_General_CP1_CI_AS
dbo,AR_DEAL_DETAIL,DD_VEHICLE_CC,6,bigint,NULL,19,0,NULL,YES,NULL,NULL
dbo,AR_DEAL_DETAIL,DD_VEHICLE_VALUE,7,bigint,NULL,19,0,NULL,YES,NULL,NULL
dbo,AR_DEAL_DETAIL,DD_RBFY,8,bit,NULL,NULL,NULL,NULL,YES,NULL,NULL
dbo,AR_DEAL_DETAIL,DD_TTLINS,9,int,NULL,10,0,NULL,YES,NULL,NULL
dbo,AR_DEAL_DETAIL,DD_INST,10,int,NULL,10,0,NULL,YES,NULL,NULL
dbo,AR_DEAL_DETAIL,DD_MAFD,11,bit,NULL,NULL,NULL,NULL,YES,NULL,NULL
dbo,AR_DEAL_DETAIL,DD_DETAIL_ID,12,int,NULL,10,0,NULL,NO,NULL,NULL
dbo,AR_DEAL_DETAIL,DD_PRICE1,13,float,NULL,53,NULL,NULL,YES,NULL,NULL
dbo,AR_DEAL_DETAIL,DD_AGE1,14,float,NULL,53,NULL,NULL,YES,NULL,NULL
dbo,AR_DEAL_DETAIL,DD_PRICE2,15,float,NULL,53,NULL,NULL,YES,NULL,NULL
dbo,AR_DEAL_DETAIL,DD_AGE2,16,float,NULL,53,NULL,NULL,YES,NULL,NULL
dbo,AR_DEAL_DETAIL,DD_PRICE3,17,float,NULL,53,NULL,NULL,YES,NULL,NULL
dbo,AR_DEAL_DETAIL,DD_AGE3,18,float,NULL,53,NULL,NULL,YES,NULL,NULL
dbo,AR_DEAL_DETAIL,DD_PRICE4,19,float,NULL,53,NULL,NULL,YES,NULL,NULL
dbo,AR_DEAL_DETAIL,DD_AGE4,20,float,NULL,53,NULL,NULL,YES,NULL,NULL
dbo,AR_DEAL_DETAIL,DD_TM_ID,21,int,NULL,10,0,NULL,YES,NULL,NULL
dbo,AR_DEAL_DETAIL,DD_AC_ID,22,int,NULL,10,0,NULL,YES,NULL,NULL
dbo,AR_DEAL_MASTER,ADM_ID,1,int,NULL,10,0,NULL,NO,NULL,NULL
dbo,AR_DEAL_MASTER,ADM_AC_ID,2,int,NULL,10,0,NULL,NO,NULL,NULL
dbo,AR_DEAL_MASTER,ADM_AV_Vehicle_Make,3,varchar,50,NULL,NULL,NULL,YES,NULL,SQL_Latin1_General_CP1_CI_AS
dbo,AR_DEAL_MASTER,ADM_AV_Vehicle_Model,4,varchar,50,NULL,NULL,NULL,YES,NULL,SQL_Latin1_General_CP1_CI_AS
dbo,AR_DEAL_MASTER,ADM_AV_Vehicle_CC,5,varchar,50,NULL,NULL,NULL,YES,NULL,SQL_Latin1_General_CP1_CI_AS
dbo,AR_DEAL_MASTER,ADM_Vehicle_Value,6,float,NULL,53,NULL,NULL,YES,NULL,NULL
dbo,AR_DEAL_MASTER,ADM_UNIT_VALUE,7,float,NULL,53,NULL,NULL,YES,NULL,NULL
dbo,AR_DEAL_MASTER,ADM_UNIT_AGE,8,float,NULL,53,NULL,NULL,YES,NULL,NULL
dbo,AR_DEAL_MASTER,ADM_RENTAL_VALUE,9,float,NULL,53,NULL,NULL,YES,NULL,NULL
dbo,AR_DEAL_MASTER,ADM_RENTAL_AGE,10,float,NULL,53,NULL,NULL,YES,NULL,NULL
dbo,AR_DEAL_MASTER,ADM_DEALER_COMMISSION,11,float,NULL,53,NULL,NULL,YES,NULL,NULL
dbo,AR_DEAL_MASTER,ADM_DEALER_POINTS,12,float,NULL,53,NULL,NULL,YES,NULL,NULL
dbo,AR_DEAL_MASTER,ADM_SALES_COMMISSION,13,float,NULL,53,NULL,NULL,YES,NULL,NULL
dbo,AR_INVOICE,AI_NO,1,bigint,NULL,19,0,NULL,NO,NULL,NULL
dbo,AR_INVOICE,AI_DATE,2,datetime,NULL,NULL,NULL,3,YES,NULL,NULL
dbo,AR_INVOICE,AI_AO_NO,3,int,NULL,10,0,NULL,YES,NULL,NULL
dbo,AR_INVOICE,AI_PACKAGE_NAME,4,varchar,50,NULL,NULL,NULL,YES,NULL,SQL_Latin1_General_CP1_CI_AS
dbo,AR_INVOICE,AI_IM_ID,5,int,NULL,10,0,NULL,YES,NULL,NULL
dbo,AR_INVOICE,AI_AMOUNT,6,float,NULL,53,NULL,NULL,YES,NULL,NULL
dbo,AR_INVOICE,AI_vehicle_make,7,varchar,50,NULL,NULL,NULL,YES,NULL,SQL_Latin1_General_CP1_CI_AS
dbo,AR_INVOICE,AI_VEHICLE_MODEL,8,varchar,50,NULL,NULL,NULL,YES,NULL,SQL_Latin1_General_CP1_CI_AS
dbo,AR_INVOICE,AI_VEHICLE_ENGINENO,9,varchar,50,NULL,NULL,NULL,YES,NULL,SQL_Latin1_General_CP1_CI_AS
dbo,AR_INVOICE,AI_VEHICLE_CHASISNO,10,varchar,50,NULL,NULL,NULL,YES,NULL,SQL_Latin1_General_CP1_CI_AS
dbo,AR_INVOICE,AI_VEHICLE_PONO,11,varchar,50,NULL,NULL,NULL,YES,NULL,SQL_Latin1_General_CP1_CI_AS
dbo,AR_INVOICE,AI_VEHICLE_REGISTRATIONNO,12,varchar,50,NULL,NULL,NULL,YES,NULL,SQL_Latin1_General_CP1_CI_AS
dbo,AR_INVOICE,AI_CUSTOMER_NAME,13,varchar,50,NULL,NULL,NULL,YES,NULL,SQL_Latin1_General_CP1_CI_AS
dbo,AR_INVOICE,AI_CUSTOMER_NIC,14,varchar,50,NULL,NULL,NULL,YES,NULL,SQL_Latin1_General_CP1_CI_AS
dbo,AR_INVOICE,AI_TYPE,15,varchar,50,NULL,NULL,NULL,YES,NULL,SQL_Latin1_General_CP1_CI_AS
dbo,AR_INVOICE,AI_BILL_POST,16,bit,NULL,NULL,NULL,NULL,YES,NULL,NULL
dbo,AR_INVOICE,AI_POST,17,bit,NULL,NULL,NULL,NULL,YES,NULL,NULL
dbo,AR_INVOICE,AI_CO_ID,18,int,NULL,10,0,NULL,YES,NULL,NULL
dbo,AR_INVOICE,AI_VEHICLE_DOI,19,varchar,50,NULL,NULL,NULL,YES,NULL,SQL_Latin1_General_CP1_CI_AS
dbo,AR_INVOICE,AI_INV_GL,20,bit,NULL,NULL,NULL,NULL,YES,NULL,NULL
dbo,AR_INVOICE,AI_CANCEL,21,bit,NULL,NULL,NULL,NULL,YES,NULL,NULL
dbo,AR_INVOICE,AI_CAN_GL,22,bit,NULL,NULL,NULL,NULL,YES,NULL,NULL
dbo,AR_INVOICE,AI_CANCEL_DATE,23,datetime,NULL,NULL,NULL,3,YES,NULL,NULL
dbo,AR_INVOICE,AO_BookingCat,24,varchar,50,NULL,NULL,NULL,YES,NULL,SQL_Latin1_General_CP1_CI_AS
dbo,AR_INVOICE,AI_INV_DOI,25,datetime,NULL,NULL,NULL,3,YES,NULL,NULL
dbo,AR_INVOICE_AGEING,AI_NO,1,bigint,NULL,19,0,NULL,YES,NULL,NULL
dbo,AR_INVOICE_AGEING,AI_DATE,2,datetime,NULL,NULL,NULL,3,YES,NULL,NULL
dbo,AR_INVOICE_AGEING,AI_CO_ID,3,bigint,NULL,19,0,NULL,YES,NULL,NULL
dbo,AR_INVOICE_AGEING,ORG_AMT,4,float,NULL,53,NULL,NULL,YES,NULL,NULL
dbo,AR_INVOICE_AGEING,PEN_AMT,5,float,NULL,53,NULL,NULL,YES,NULL,NULL
dbo,AR_INVOICE_AGEING,VEHICLE_ENGINENO,6,varchar,50,NULL,NULL,NULL,YES,NULL,SQL_Latin1_General_CP1_CI_AS
dbo,AR_INVOICE_AGEING,VEHICLE_DOI,7,varchar,50,NULL,NULL,NULL,YES,NULL,SQL_Latin1_General_CP1_CI_AS
dbo,AR_INVOICE_AGEING,Inv_Type,8,varchar,7,NULL,NULL,NULL,NO,NULL,SQL_Latin1_General_CP1_CI_AS
dbo,AR_INVOICE_ELEMENTS,IM_ID,1,int,NULL,10,0,NULL,NO,NULL,NULL
dbo,AR_INVOICE_ELEMENTS,IM_DESCRIPTION,2,varchar,100,NULL,NULL,NULL,YES,NULL,SQL_Latin1_General_CP1_CI_AS
dbo,AR_INVOICE_ELEMENTS,IM_AC_ID,3,bigint,NULL,19,0,NULL,YES,NULL,NULL
dbo,AR_INVOICE_ELEMENTS,IM_TM_ID,4,int,NULL,10,0,NULL,YES,NULL,NULL
dbo,AR_INVOICE_ELEMENTS,IM_EXP_DAYS,5,int,NULL,10,0,NULL,YES,NULL,NULL
dbo,AR_INVOICE_ELEMENTS,IM_EXP_ON,6,varchar,50,NULL,NULL,NULL,YES,NULL,SQL_Latin1_General_CP1_CI_AS
dbo,AR_INVOICE_TEMP,AIT_NO,1,varchar,50,NULL,NULL,NULL,NO,NULL,SQL_Latin1_General_CP1_CI_AS
dbo,AR_INVOICE_TEMP,AIT_DATE,2,datetime,NULL,NULL,NULL,3,YES,NULL,NULL
dbo,AR_INVOICE_TEMP,AIT_AO_NO,3,int,NULL,10,0,NULL,YES,NULL,NULL
dbo,AR_INVOICE_TEMP,AIT_PACKAGE_NAME,4,varchar,50,NULL,NULL,NULL,YES,NULL,SQL_Latin1_General_CP1_CI_AS
dbo,AR_INVOICE_TEMP,AIT_IM_ID,5,int,NULL,10,0,NULL,NO,NULL,NULL
dbo,AR_INVOICE_TEMP,AIT_AMOUNT,6,float,NULL,53,NULL,NULL,YES,NULL,NULL
dbo,AR_INVOICE_TEMP,AIT_vehicle_make,7,varchar,50,NULL,NULL,NULL,YES,NULL,SQL_Latin1_General_CP1_CI_AS
dbo,AR_INVOICE_TEMP,AIT_VEHICLE_MODEL,8,varchar,50,NULL,NULL,NULL,YES,NULL,SQL_Latin1_General_CP1_CI_AS
dbo,AR_INVOICE_TEMP,AIT_VEHICLE_ENGINENO,9,varchar,50,NULL,NULL,NULL,YES,NULL,SQL_Latin1_General_CP1_CI_AS
dbo,AR_INVOICE_TEMP,AIT_VEHICLE_CHASISNO,10,varchar,50,NULL,NULL,NULL,YES,NULL,SQL_Latin1_General_CP1_CI_AS
dbo,AR_INVOICE_TEMP,AIT_VEHICLE_PONO,11,varchar,50,NULL,NULL,NULL,YES,NULL,SQL_Latin1_General_CP1_CI_AS
dbo,AR_INVOICE_TEMP,AIT_VEHICLE_REGISTRATIONNO,12,varchar,50,NULL,NULL,NULL,YES,NULL,SQL_Latin1_General_CP1_CI_AS
dbo,AR_INVOICE_TEMP,AIT_CUSTOMER_NIC,13,varchar,50,NULL,NULL,NULL,YES,NULL,SQL_Latin1_General_CP1_CI_AS
dbo,AR_INVOICE_TEMP,AIT_CUSTOMER_NAME,14,varchar,50,NULL,NULL,NULL,YES,NULL,SQL_Latin1_General_CP1_CI_AS
dbo,AR_INVOICE_TEMP,AIT_TYPE,15,varchar,50,NULL,NULL,NULL,YES,NULL,SQL_Latin1_General_CP1_CI_AS
dbo,AR_INVOICE_TEMP,AIT_COL,16,int,NULL,10,0,NULL,YES,NULL,NULL
dbo,AR_INVOICE_TEMP,AIT_VEHICLE_DOI,17,varchar,50,NULL,NULL,NULL,YES,NULL,SQL_Latin1_General_CP1_CI_AS
dbo,AR_INVOICE_TEMP,AITID,18,int,NULL,10,0,NULL,YES,NULL,NULL
dbo,AR_INVOICE_TEMP,AIT_ID,19,int,NULL,10,0,NULL,YES,NULL,NULL
dbo,AR_INVOICE_TEMP,AO_BookingCat,20,varchar,50,NULL,NULL,NULL,YES,NULL,SQL_Latin1_General_CP1_CI_AS
dbo,AR_INVOICE_TEMP,AI_TEMP_POST,21,bigint,NULL,19,0,NULL,YES,NULL,NULL
dbo,AR_ORDER,AO_ID,1,bigint,NULL,19,0,NULL,NO,NULL,NULL
dbo,AR_ORDER,AO_NO,2,int,NULL,10,0,NULL,NO,NULL,NULL
dbo,AR_ORDER,AO_DATE,3,datetime,NULL,NULL,NULL,3,NO,NULL,NULL
dbo,AR_ORDER,AO_DESCRIPTION,4,varchar,200,NULL,NULL,NULL,YES,NULL,SQL_Latin1_General_CP1_CI_AS
dbo,AR_ORDER,AO_CO_ID,5,int,NULL,10,0,NULL,YES,NULL,NULL
dbo,AR_ORDER,AO_VEHICLE_ID,6,varchar,50,NULL,NULL,NULL,YES,NULL,SQL_Latin1_General_CP1_CI_AS
dbo,AR_ORDER,AO_PACKAGE_NAME,7,varchar,50,NULL,NULL,NULL,YES,NULL,SQL_Latin1_General_CP1_CI_AS
dbo,AR_ORDER,AO_MAFD,8,bit,NULL,NULL,NULL,NULL,YES,NULL,NULL
dbo,AR_ORDER,AO_DEACTIVE_DATE,9,datetime,NULL,NULL,NULL,3,YES,NULL,NULL
dbo,AR_ORDER,AO_IM_ID,10,int,NULL,10,0,NULL,YES,NULL,NULL
dbo,AR_ORDER,AO_PRICE1,11,float,NULL,53,NULL,NULL,YES,NULL,NULL
dbo,AR_ORDER,AO_PRICE2,12,float,NULL,53,NULL,NULL,YES,NULL,NULL
dbo,AR_ORDER,AO_PRICE3,13,float,NULL,53,NULL,NULL,YES,NULL,NULL
dbo,AR_ORDER,AO_PRICE4,14,float,NULL,53,NULL,NULL,YES,NULL,NULL
dbo,AR_ORDER,AO_PRICE5,15,float,NULL,53,NULL,NULL,YES,NULL,NULL
dbo,AR_ORDER,AO_PRICE6,16,float,NULL,53,NULL,NULL,YES,NULL,NULL
dbo,AR_ORDER,AO_PRICE7,17,float,NULL,53,NULL,NULL,YES,NULL,NULL
dbo,AR_ORDER,AO_PRICE8,18,float,NULL,53,NULL,NULL,YES,NULL,NULL
dbo,AR_ORDER,AO_PRICE9,19,float,NULL,53,NULL,NULL,YES,NULL,NULL
dbo,AR_ORDER,AO_PRICE10,20,float,NULL,53,NULL,NULL,YES,NULL,NULL
dbo,AR_ORDER,AO_PRICE11,21,float,NULL,53,NULL,NULL,YES,NULL,NULL
dbo,AR_ORDER,AO_PRICE12,22,float,NULL,53,NULL,NULL,YES,NULL,NULL
dbo,AR_ORDER,AO_INV1_ID,23,int,NULL,10,0,NULL,YES,NULL,NULL
dbo,AR_ORDER,AO_INV2_ID,24,int,NULL,10,0,NULL,YES,NULL,NULL
dbo,AR_ORDER,AO_INV3_ID,25,int,NULL,10,0,NULL,YES,NULL,NULL
dbo,AR_ORDER,AO_INV4_ID,26,int,NULL,10,0,NULL,YES,NULL,NULL
dbo,AR_ORDER,AO_INV5_ID,27,int,NULL,10,0,NULL,YES,NULL,NULL
dbo,AR_ORDER,AO_INV6_ID,28,int,NULL,10,0,NULL,YES,NULL,NULL
dbo,AR_ORDER,AO_INV7_ID,29,int,NULL,10,0,NULL,YES,NULL,NULL
dbo,AR_ORDER,AO_INV8_ID,30,int,NULL,10,0,NULL,YES,NULL,NULL
dbo,AR_ORDER,AO_INV9_ID,31,int,NULL,10,0,NULL,YES,NULL,NULL
dbo,AR_ORDER,AO_INV10_ID,32,int,NULL,10,0,NULL,YES,NULL,NULL
dbo,AR_ORDER,AO_INV11_ID,33,float,NULL,53,NULL,NULL,YES,NULL,NULL
dbo,AR_ORDER,AO_INV12_ID,34,float,NULL,53,NULL,NULL,YES,NULL,NULL
dbo,AR_ORDER,AO_MAFD_DATE,35,datetime,NULL,NULL,NULL,3,YES,NULL,NULL
dbo,AR_ORDER,AO_BookingCat,36,varchar,50,NULL,NULL,NULL,YES,NULL,SQL_Latin1_General_CP1_CI_AS
dbo,AR_ORDER,SeqNo,37,int,NULL,10,0,NULL,YES,NULL,NULL
dbo,AR_ORDER_V_TEMP,AO_ID,1,bigint,NULL,19,0,NULL,YES,NULL,NULL
dbo,AR_ORDER_V_TEMP,AO_NO,2,bigint,NULL,19,0,NULL,YES,NULL,NULL
dbo,AR_ORDER_V_TEMP,AO_DATE,3,datetime,NULL,NULL,NULL,3,YES,NULL,NULL
dbo,AR_ORDER_V_TEMP,AO_DESCRIPTION,4,varchar,200,NULL,NULL,NULL,YES,NULL,SQL_Latin1_General_CP1_CI_AS
dbo,AR_ORDER_V_TEMP,AO_CO_ID,5,bigint,NULL,19,0,NULL,YES,NULL,NULL
dbo,AR_ORDER_V_TEMP,AO_VEHICLE_ID,6,bigint,NULL,19,0,NULL,YES,NULL,NULL
dbo,AR_ORDER_V_TEMP,AO_PACKAGE_NAME,7,varchar,200,NULL,NULL,NULL,YES,NULL,SQL_Latin1_General_CP1_CI_AS
dbo,AR_ORDER_V_TEMP,AO_MAFD,8,bit,NULL,NULL,NULL,NULL,YES,NULL,NULL
dbo,AR_ORDER_V_TEMP,AO_DEACTIVE_DATE,9,datetime,NULL,NULL,NULL,3,YES,NULL,NULL
dbo,AR_ORDER_V_TEMP,AO_IM_ID,10,bigint,NULL,19,0,NULL,YES,NULL,NULL
dbo,AR_ORDER_V_TEMP,AO_PRICE1,11,bigint,NULL,19,0,NULL,YES,NULL,NULL
dbo,AR_ORDER_V_TEMP,AO_PRICE2,12,bigint,NULL,19,0,NULL,YES,NULL,NULL
dbo,AR_ORDER_V_TEMP,AO_PRICE3,13,bigint,NULL,19,0,NULL,YES,NULL,NULL
dbo,AR_ORDER_V_TEMP,AO_PRICE4,14,bigint,NULL,19,0,NULL,YES,NULL,NULL
dbo,AR_ORDER_V_TEMP,AO_PRICE5,15,bigint,NULL,19,0,NULL,YES,NULL,NULL
dbo,AR_ORDER_V_TEMP,AO_PRICE6,16,bigint,NULL,19,0,NULL,YES,NULL,NULL
dbo,AR_ORDER_V_TEMP,AO_PRICE7,17,bigint,NULL,19,0,NULL,YES,NULL,NULL
dbo,AR_ORDER_V_TEMP,AO_PRICE8,18,bigint,NULL,19,0,NULL,YES,NULL,NULL
dbo,AR_ORDER_V_TEMP,AO_PRICE9,19,bigint,NULL,19,0,NULL,YES,NULL,NULL
dbo,AR_ORDER_V_TEMP,AO_PRICE10,20,bigint,NULL,19,0,NULL,YES,NULL,NULL
dbo,AR_ORDER_V_TEMP,AO_PRICE11,21,bigint,NULL,19,0,NULL,YES,NULL,NULL
dbo,AR_ORDER_V_TEMP,AO_PRICE12,22,bigint,NULL,19,0,NULL,YES,NULL,NULL
dbo,AR_ORDER_V_TEMP,AO_INV1_ID,23,bigint,NULL,19,0,NULL,YES,NULL,NULL
dbo,AR_ORDER_V_TEMP,AO_INV2_ID,24,bigint,NULL,19,0,NULL,YES,NULL,NULL
dbo,AR_ORDER_V_TEMP,AO_INV3_ID,25,bigint,NULL,19,0,NULL,YES,NULL,NULL
dbo,AR_ORDER_V_TEMP,AO_INV4_ID,26,bigint,NULL,19,0,NULL,YES,NULL,NULL
dbo,AR_ORDER_V_TEMP,AO_INV5_ID,27,bigint,NULL,19,0,NULL,YES,NULL,NULL
dbo,AR_ORDER_V_TEMP,AO_INV6_ID,28,bigint,NULL,19,0,NULL,YES,NULL,NULL
dbo,AR_ORDER_V_TEMP,AO_INV7_ID,29,bigint,NULL,19,0,NULL,YES,NULL,NULL
dbo,AR_ORDER_V_TEMP,AO_INV8_ID,30,bigint,NULL,19,0,NULL,YES,NULL,NULL
dbo,AR_ORDER_V_TEMP,AO_INV9_ID,31,bigint,NULL,19,0,NULL,YES,NULL,NULL
dbo,AR_ORDER_V_TEMP,AO_INV10_ID,32,bigint,NULL,19,0,NULL,YES,NULL,NULL
dbo,AR_ORDER_V_TEMP,AO_INV11_ID,33,bigint,NULL,19,0,NULL,YES,NULL,NULL
dbo,AR_ORDER_V_TEMP,AO_INV12_ID,34,bigint,NULL,19,0,NULL,YES,NULL,NULL
dbo,AR_ORDER_V_TEMP,IM_DESCRIPTION,35,varchar,200,NULL,NULL,NULL,YES,NULL,SQL_Latin1_General_CP1_CI_AS
dbo,AR_ORDER_V_TEMP,CO_Company_Name,36,varchar,200,NULL,NULL,NULL,YES,NULL,SQL_Latin1_General_CP1_CI_AS
dbo,AR_ORDER_V_TEMP,Vehicle_Make,37,varchar,200,NULL,NULL,NULL,YES,NULL,SQL_Latin1_General_CP1_CI_AS
dbo,AR_ORDER_V_TEMP,Vehicle_Model,38,varchar,200,NULL,NULL,NULL,YES,NULL,SQL_Latin1_General_CP1_CI_AS
dbo,AR_ORDER_V_TEMP,Vehicle_EngineNo,39,varchar,200,NULL,NULL,NULL,YES,NULL,SQL_Latin1_General_CP1_CI_AS
dbo,AR_ORDER_V_TEMP,Vehicle_ChasisNo,40,varchar,200,NULL,NULL,NULL,YES,NULL,SQL_Latin1_General_CP1_CI_AS
dbo,AR_ORDER_V_TEMP,Vehicle_RegistrationNo,41,varchar,200,NULL,NULL,NULL,YES,NULL,SQL_Latin1_General_CP1_CI_AS
dbo,AR_ORDER_V_TEMP,Vehicle_PONo,42,varchar,200,NULL,NULL,NULL,YES,NULL,SQL_Latin1_General_CP1_CI_AS
dbo,AR_ORDER_V_TEMP,CustomerName,43,varchar,200,NULL,NULL,NULL,YES,NULL,SQL_Latin1_General_CP1_CI_AS
dbo,AR_ORDER_V_TEMP,Address1,44,varchar,200,NULL,NULL,NULL,YES,NULL,SQL_Latin1_General_CP1_CI_AS
dbo,AR_ORDER_V_TEMP,Address2,45,varchar,200,NULL,NULL,NULL,YES,NULL,SQL_Latin1_General_CP1_CI_AS
dbo,AR_ORDER_V_TEMP,TelephoneNo,46,varchar,200,NULL,NULL,NULL,YES,NULL,SQL_Latin1_General_CP1_CI_AS
dbo,AR_ORDER_V_TEMP,Vehicle_DateOfInstallation,47,datetime,NULL,NULL,NULL,3,YES,NULL,NULL
dbo,AR_ORDER_V_TEMP,AO_MAFD_DATE,48,datetime,NULL,NULL,NULL,3,YES,NULL,NULL
dbo,AR_ORDER_V_TEMP,NIC,49,varchar,200,NULL,NULL,NULL,YES,NULL,SQL_Latin1_General_CP1_CI_AS
dbo,AR_ORDER_V_TEMP,AO_BookingCat,50,varchar,200,NULL,NULL,NULL,YES,NULL,SQL_Latin1_General_CP1_CI_AS
dbo,AR_ORDER_V_TEMP,InsuredBy,51,varchar,200,NULL,NULL,NULL,YES,NULL,SQL_Latin1_General_CP1_CI_AS
dbo,AR_ORDER_V_TEMP,PRODUCT,52,varchar,200,NULL,NULL,NULL,YES,NULL,SQL_Latin1_General_CP1_CI_AS
dbo,AR_ORDER_V_TEMP,CORPORATE_ID,53,bigint,NULL,19,0,NULL,YES,NULL,NULL
dbo,AR_ORDER_V_TEMP,PACKAGE_TYPE,54,varchar,200,NULL,NULL,NULL,YES,NULL,SQL_Latin1_General_CP1_CI_AS
dbo,AR_ORDER_V_TEMP,CustomerId,55,bigint,NULL,19,0,NULL,YES,NULL,NULL
dbo,AR_ORDER_V_TEMP,vehid,56,bigint,NULL,19,0,NULL,YES,NULL,NULL
dbo,AR_ORDER_V_TEMP,Vehicle_Id,57,bigint,NULL,19,0,NULL,YES,NULL,NULL
dbo,AR_ORDER_V_TEMP,ObjectID,58,bigint,NULL,19,0,NULL,YES,NULL,NULL
dbo,AR_ORDER_V_TEMP,Price,59,bigint,NULL,19,0,NULL,YES,NULL,NULL
dbo,AR_PACKAGE_DETAIL,PD_ID,1,int,NULL,10,0,NULL,NO,NULL,NULL
dbo,AR_PACKAGE_DETAIL,PD_DESCRIPTION,2,varchar,50,NULL,NULL,NULL,NO,NULL,SQL_Latin1_General_CP1_CI_AS
dbo,AR_PACKAGE_DETAIL,PD_DETAIL_ID,3,int,NULL,10,0,NULL,NO,NULL,NULL
dbo,AR_PACKAGE_DETAIL,PD_PRICE,4,float,NULL,53,NULL,NULL,NO,NULL,NULL
dbo,AR_PACKAGE_DETAIL,PD_TM_ID,5,int,NULL,10,0,NULL,YES,NULL,NULL
dbo,AR_PACKAGE_DETAIL,PD_AC_ID,6,int,NULL,10,0,NULL,YES,NULL,NULL
dbo,AR_PAYMENT_RECEIPT,APR_NO,1,bigint,NULL,19,0,NULL,NO,NULL,NULL
dbo,AR_PAYMENT_RECEIPT,APR_DATE,2,datetime,NULL,NULL,NULL,3,YES,NULL,NULL
dbo,AR_PAYMENT_RECEIPT,APR_DESCRIPTION,3,varchar,255,NULL,NULL,NULL,YES,NULL,SQL_Latin1_General_CP1_CI_AS
dbo,AR_PAYMENT_RECEIPT,APR_CO_ID,4,bigint,NULL,19,0,NULL,YES,NULL,NULL
dbo,AR_PAYMENT_RECEIPT,APR_BANK_ID,5,int,NULL,10,0,NULL,YES,NULL,NULL
dbo,AR_PAYMENT_RECEIPT,APR_RECEIPT_AMOUNT,6,float,NULL,53,NULL,NULL,YES,NULL,NULL
dbo,AR_PAYMENT_RECEIPT,APR_POST,7,bit,NULL,NULL,NULL,NULL,YES,NULL,NULL
dbo,AR_PAYMENT_RECEIPT,APR_GL,8,bit,NULL,NULL,NULL,NULL,YES,NULL,NULL
dbo,AR_PAYMENT_RECEIPT,APR_Cancel,9,bit,NULL,NULL,NULL,NULL,YES,NULL,NULL
dbo,AR_PAYMENT_RECEIPT,apr_Can_date,10,datetime,NULL,NULL,NULL,3,YES,NULL,NULL
dbo,AR_PAYMENT_RECEIPT,apr_can_GL,11,bit,NULL,NULL,NULL,NULL,YES,NULL,NULL
dbo,AR_PAYMENT_RECEIPT,APR_CHQ_NO,12,varchar,50,NULL,NULL,NULL,YES,NULL,SQL_Latin1_General_CP1_CI_AS
dbo,AR_PAYMENT_RECEIPT,PostedBy,13,varchar,100,NULL,NULL,NULL,YES,NULL,SQL_Latin1_General_CP1_CI_AS
dbo,AR_PAYMENT_RECEIPT_LOG,APR_NO,1,bigint,NULL,19,0,NULL,YES,NULL,NULL
dbo,AR_PAYMENT_RECEIPT_LOG,PC_INSERT,2,varchar,50,NULL,NULL,NULL,YES,NULL,SQL_Latin1_General_CP1_CI_AS
dbo,AR_PAYMENT_RECEIPT_LOG,LOG_DATETIME_INSERT,3,datetime,NULL,NULL,NULL,3,YES,NULL,NULL
dbo,AR_PAYMENT_RECEIPT_LOG,PC_UPDATE,4,varchar,50,NULL,NULL,NULL,YES,NULL,SQL_Latin1_General_CP1_CI_AS
dbo,AR_PAYMENT_RECEIPT_LOG,LOG_DATETIME_UPDATE,5,datetime,NULL,NULL,NULL,3,YES,NULL,NULL
dbo,AR_PAYMENT_TAX,APT_ID,1,bigint,NULL,19,0,NULL,NO,NULL,NULL
dbo,AR_PAYMENT_TAX,APT_APR_NO,2,bigint,NULL,19,0,NULL,YES,NULL,NULL
dbo,AR_PAYMENT_TAX,APT_TD_ID,3,bigint,NULL,19,0,NULL,YES,NULL,NULL
dbo,AR_PAYMENT_TAX,APT_TAX_AMOUNT,4,float,NULL,53,NULL,NULL,YES,NULL,NULL
dbo,AR_Pending_Payment,id,1,int,NULL,10,0,NULL,NO,NULL,NULL
dbo,AR_Pending_Payment,AI_NO,2,bigint,NULL,19,0,NULL,YES,NULL,NULL
dbo,AR_Pending_Payment,First_SMSDate,3,datetime,NULL,NULL,NULL,3,YES,NULL,NULL
dbo,AR_Pending_Payment,First_SMS,4,bit,NULL,NULL,NULL,NULL,YES,NULL,NULL
dbo,AR_Pending_Payment,Second_SMSDate,5,datetime,NULL,NULL,NULL,3,YES,NULL,NULL
dbo,AR_Pending_Payment,Second_SMS,6,bit,NULL,NULL,NULL,NULL,YES,NULL,NULL
dbo,AR_Pending_Payment,Third_SMSDate,7,datetime,NULL,NULL,NULL,3,YES,NULL,NULL
dbo,AR_Pending_Payment,Third_SMS,8,bit,NULL,NULL,NULL,NULL,YES,NULL,NULL
dbo,AR_Pending_Payment,CLOSED,9,bit,NULL,NULL,NULL,NULL,YES,NULL,NULL
dbo,AR_Pending_Payment,cellNo,10,varchar,50,NULL,NULL,NULL,YES,NULL,SQL_Latin1_General_CP1_CI_AS
dbo,AR_Pending_Payment,closed_date,11,datetime,NULL,NULL,NULL,3,YES,NULL,NULL
dbo,AR_Pending_Payment,engNo,12,varchar,100,NULL,NULL,NULL,YES,NULL,SQL_Latin1_General_CP1_CI_AS
dbo,AR_Pending_Payment,MakeModel,13,varchar,100,NULL,NULL,NULL,YES,NULL,SQL_Latin1_General_CP1_CI_AS
dbo,AR_Prepared_Invoice_Table,AO_NO,1,bigint,NULL,19,0,NULL,NO,NULL,NULL
dbo,AR_Prepared_Invoice_Table,PRICE1,2,bigint,NULL,19,0,NULL,YES,NULL,NULL
dbo,AR_Prepared_Invoice_Table,PRICE2,3,bigint,NULL,19,0,NULL,YES,NULL,NULL
dbo,AR_Prepared_Invoice_Table,PRICE3,4,bigint,NULL,19,0,NULL,YES,NULL,NULL
dbo,AR_Prepared_Invoice_Table,PRICE4,5,bigint,NULL,19,0,NULL,YES,NULL,NULL
dbo,AR_Prepared_Invoice_Table,PRICE5,6,bigint,NULL,19,0,NULL,YES,NULL,NULL
dbo,AR_Prepared_Invoice_Table,PRICE6,7,bigint,NULL,19,0,NULL,YES,NULL,NULL
dbo,AR_Prepared_Invoice_Table,PRICE7,8,bigint,NULL,19,0,NULL,YES,NULL,NULL
dbo,AR_Prepared_Invoice_Table,PRICE8,9,bigint,NULL,19,0,NULL,YES,NULL,NULL
dbo,AR_Prepared_Invoice_Table,PRICE9,10,bigint,NULL,19,0,NULL,YES,NULL,NULL
dbo,AR_Prepared_Invoice_Table,PRICE10,11,bigint,NULL,19,0,NULL,YES,NULL,NULL
dbo,AR_Prepared_Invoice_Table,PRICE11,12,bigint,NULL,19,0,NULL,YES,NULL,NULL
dbo,AR_Prepared_Invoice_Table,PRICE12,13,bigint,NULL,19,0,NULL,YES,NULL,NULL
dbo,AR_Prepared_Invoice_Table,INV1,14,bigint,NULL,19,0,NULL,YES,NULL,NULL
dbo,AR_Prepared_Invoice_Table,INV2,15,bigint,NULL,19,0,NULL,YES,NULL,NULL
dbo,AR_Prepared_Invoice_Table,INV3,16,bigint,NULL,19,0,NULL,YES,NULL,NULL
dbo,AR_Prepared_Invoice_Table,INV4,17,bigint,NULL,19,0,NULL,YES,NULL,NULL
dbo,AR_Prepared_Invoice_Table,INV5,18,bigint,NULL,19,0,NULL,YES,NULL,NULL
dbo,AR_Prepared_Invoice_Table,INV6,19,bigint,NULL,19,0,NULL,YES,NULL,NULL
dbo,AR_Prepared_Invoice_Table,INV7,20,bigint,NULL,19,0,NULL,YES,NULL,NULL
dbo,AR_Prepared_Invoice_Table,INV8,21,bigint,NULL,19,0,NULL,YES,NULL,NULL
dbo,AR_Prepared_Invoice_Table,INV9,22,bigint,NULL,19,0,NULL,YES,NULL,NULL
dbo,AR_Prepared_Invoice_Table,INV10,23,bigint,NULL,19,0,NULL,YES,NULL,NULL
dbo,AR_Prepared_Invoice_Table,INV11,24,bigint,NULL,19,0,NULL,YES,NULL,NULL
dbo,AR_Prepared_Invoice_Table,INV12,25,bigint,NULL,19,0,NULL,YES,NULL,NULL
dbo,AR_Prepared_Invoice_Table,AO_DATE1,26,datetime,NULL,NULL,NULL,3,YES,NULL,NULL
dbo,AR_Prepared_Invoice_Table,AO_DATE2,27,datetime,NULL,NULL,NULL,3,YES,NULL,NULL
dbo,AR_Prepared_Invoice_Table,AO_DATE3,28,datetime,NULL,NULL,NULL,3,YES,NULL,NULL
dbo,AR_Prepared_Invoice_Table,AO_DATE4,29,datetime,NULL,NULL,NULL,3,YES,NULL,NULL
dbo,AR_Prepared_Invoice_Table,AO_DATE5,30,datetime,NULL,NULL,NULL,3,YES,NULL,NULL
dbo,AR_Prepared_Invoice_Table,AO_DATE6,31,datetime,NULL,NULL,NULL,3,YES,NULL,NULL
dbo,AR_Prepared_Invoice_Table,AO_DATE7,32,datetime,NULL,NULL,NULL,3,YES,NULL,NULL
dbo,AR_Prepared_Invoice_Table,AO_DATE8,33,datetime,NULL,NULL,NULL,3,YES,NULL,NULL
dbo,AR_Prepared_Invoice_Table,AO_DATE9,34,datetime,NULL,NULL,NULL,3,YES,NULL,NULL
dbo,AR_Prepared_Invoice_Table,AO_DATE10,35,datetime,NULL,NULL,NULL,3,YES,NULL,NULL
dbo,AR_Prepared_Invoice_Table,AO_DATE11,36,datetime,NULL,NULL,NULL,3,YES,NULL,NULL
dbo,AR_Prepared_Invoice_Table,AO_DATE12,37,datetime,NULL,NULL,NULL,3,YES,NULL,NULL
dbo,AR_Prepared_Invoice_Table,AO_MAFD,38,bit,NULL,NULL,NULL,NULL,YES,NULL,NULL
dbo,AR_Prepared_Invoice_Table,Vehicle_DateOfInstallation,39,datetime,NULL,NULL,NULL,3,YES,NULL,NULL
dbo,AR_Prepared_Invoice_Table,AO_MAFD_DATE,40,datetime,NULL,NULL,NULL,3,YES,NULL,NULL
dbo,AR_Prepared_Invoice_Table,AO_CO_ID,41,bigint,NULL,19,0,NULL,YES,NULL,NULL
dbo,AR_UE_ELEMENTS,EntryID,1,int,NULL,10,0,NULL,NO,NULL,NULL
dbo,AR_UE_ELEMENTS,IM_ID_UE,2,int,NULL,10,0,NULL,YES,NULL,NULL
dbo,AR_UE_ELEMENTS,IM_DESCRIPTION_UE,3,varchar,100,NULL,NULL,NULL,YES,NULL,SQL_Latin1_General_CP1_CI_AS
dbo,AR_UE_ELEMENTS,IM_AC_ID_UE,4,bigint,NULL,19,0,NULL,YES,NULL,NULL
dbo,AR_UE_ELEMENTS,IM_ID_E,5,int,NULL,10,0,NULL,YES,NULL,NULL
dbo,AR_UE_ELEMENTS,IM_DESCRIPTION_E,6,varchar,100,NULL,NULL,NULL,YES,NULL,SQL_Latin1_General_CP1_CI_AS
dbo,AR_UE_ELEMENTS,IM_AC_ID_E,7,bigint,NULL,19,0,NULL,YES,NULL,NULL
dbo,AR_UE_ELEMENTS,SEQNO,8,int,NULL,10,0,NULL,YES,NULL,NULL
dbo,AR_UE_MSTR,ENTRYTYPEID,1,int,NULL,10,0,NULL,NO,NULL,NULL
dbo,AR_UE_MSTR,ENTRYNO,2,int,NULL,10,0,NULL,NO,NULL,NULL
dbo,AR_UE_MSTR,JE_HEADER_ID,3,bigint,NULL,19,0,NULL,NO,NULL,NULL
dbo,AR_UE_MSTR,AI_NO,4,bigint,NULL,19,0,NULL,NO,NULL,NULL
dbo,AR_UE_MSTR,AI_DATE,5,datetime,NULL,NULL,NULL,3,NO,NULL,NULL
dbo,AR_UE_MSTR,VCHSTATUS,6,varchar,50,NULL,NULL,NULL,NO,NULL,SQL_Latin1_General_CP1_CI_AS
dbo,AR_UE_MSTR,AI_IM_ID,7,int,NULL,10,0,NULL,NO,NULL,NULL
dbo,AR_UE_MSTR,JE_AC_ID,8,bigint,NULL,19,0,NULL,NO,NULL,NULL
dbo,AR_UE_MSTR,JE_ENTERED_DR,9,float,NULL,53,NULL,NULL,NO,NULL,NULL
dbo,AR_UE_MSTR,JE_ENTERED_CR,10,float,NULL,53,NULL,NULL,NO,NULL,NULL
dbo,AR_UE_MSTR,CLOSE_FLAG,11,bit,NULL,NULL,NULL,NULL,YES,NULL,NULL
dbo,AR_VEHICLE,AV_ID,1,int,NULL,10,0,NULL,NO,NULL,NULL
dbo,AR_VEHICLE,AV_Vehicle_Id,2,int,NULL,10,0,NULL,NO,NULL,NULL
dbo,AR_VEHICLE,AV_CO_ID,3,int,NULL,10,0,NULL,NO,NULL,NULL
dbo,AR_VEHICLE,AV_Vehicle_Make,4,varchar,50,NULL,NULL,NULL,YES,NULL,SQL_Latin1_General_CP1_CI_AS
dbo,AR_VEHICLE,AV_Vehicle_Model,5,varchar,50,NULL,NULL,NULL,YES,NULL,SQL_Latin1_General_CP1_CI_AS
dbo,AR_VEHICLE,AV_Vehicle_CC,6,varchar,50,NULL,NULL,NULL,YES,NULL,SQL_Latin1_General_CP1_CI_AS
dbo,AR_VEHICLE,AV_Vehicle_InsuranceValue,7,float,NULL,53,NULL,NULL,YES,NULL,NULL
dbo,AR_VEHICLE,AV_DD_ID,8,int,NULL,10,0,NULL,YES,NULL,NULL
dbo,AR_VEHICLE,AV_PD_ID,9,int,NULL,10,0,NULL,YES,NULL,NULL
dbo,Bank_Master,BANK_ID,1,int,NULL,10,0,NULL,NO,NULL,NULL
dbo,Bank_Master,BANK_NAME,2,varchar,100,NULL,NULL,NULL,NO,NULL,SQL_Latin1_General_CP1_CI_AS
dbo,Bank_Master,BANK_AC_ID,3,bigint,NULL,19,0,NULL,NO,NULL,NULL
dbo,CancelInvoice,Date1,1,datetime,NULL,NULL,NULL,3,YES,NULL,NULL
dbo,CancelInvoice,JE_VOUCHER_NO,2,float,NULL,53,NULL,NULL,YES,NULL,NULL
dbo,CancelInvoice,Narration,3,nvarchar,255,NULL,NULL,NULL,YES,NULL,SQL_Latin1_General_CP1_CI_AS
dbo,CancelInvoice,Particular,4,nvarchar,255,NULL,NULL,NULL,YES,NULL,SQL_Latin1_General_CP1_CI_AS
dbo,CancelInvoice,AI_NO,5,float,NULL,53,NULL,NULL,YES,NULL,NULL
dbo,CancelInvoice,Debit,6,float,NULL,53,NULL,NULL,YES,NULL,NULL
dbo,CancelInvoice,credit,7,float,NULL,53,NULL,NULL,YES,NULL,NULL
dbo,CancelInvoice,Balance,8,float,NULL,53,NULL,NULL,YES,NULL,NULL
dbo,CancelInvoice,Comment,9,nvarchar,255,NULL,NULL,NULL,YES,NULL,SQL_Latin1_General_CP1_CI_AS
dbo,COST_CENTER,CC_ID,1,char,3,NULL,NULL,NULL,NO,NULL,SQL_Latin1_General_CP1_CI_AS
dbo,COST_CENTER,CC_NAME,2,varchar,50,NULL,NULL,NULL,NO,NULL,SQL_Latin1_General_CP1_CI_AS
dbo,CRM_14062022,Vehicle_Id,1,bigint,NULL,19,0,NULL,NO,NULL,NULL
dbo,CRM_14062022,CustomerId,2,bigint,NULL,19,0,NULL,YES,NULL,NULL
dbo,CRM_14062022,PackageID,3,bigint,NULL,19,0,NULL,YES,NULL,NULL
dbo,CRM_14062022,Vehicle_Make,4,varchar,50,NULL,NULL,NULL,YES,NULL,SQL_Latin1_General_CP1_CI_AS
dbo,CRM_14062022,Vehicle_Model,5,varchar,50,NULL,NULL,NULL,YES,NULL,SQL_Latin1_General_CP1_CI_AS
dbo,CRM_14062022,Vehicle_Year,6,varchar,50,NULL,NULL,NULL,YES,NULL,SQL_Latin1_General_CP1_CI_AS
dbo,CRM_14062022,Vehicle_Color,7,varchar,50,NULL,NULL,NULL,YES,NULL,SQL_Latin1_General_CP1_CI_AS
dbo,CRM_14062022,Vehicle_CC,8,varchar,50,NULL,NULL,NULL,YES,NULL,SQL_Latin1_General_CP1_CI_AS
dbo,CRM_14062022,Vehicle_Transmission,9,varchar,50,NULL,NULL,NULL,YES,NULL,SQL_Latin1_General_CP1_CI_AS
dbo,CRM_14062022,Vehicle_EngineNo,10,varchar,50,NULL,NULL,NULL,YES,NULL,SQL_Latin1_General_CP1_CI_AS
dbo,CRM_14062022,Vehicle_ChasisNo,11,varchar,50,NULL,NULL,NULL,YES,NULL,SQL_Latin1_General_CP1_CI_AS
dbo,CRM_14062022,Vehicle_RegistrationNo,12,varchar,50,NULL,NULL,NULL,YES,NULL,SQL_Latin1_General_CP1_CI_AS
dbo,CRM_14062022,Vehicle_IsLeased,13,varchar,3,NULL,NULL,NULL,YES,NULL,SQL_Latin1_General_CP1_CI_AS
dbo,CRM_14062022,Vehicle_Leased_CompanyId,14,bigint,NULL,19,0,NULL,YES,NULL,NULL
dbo,CRM_14062022,Vehicle_Leased_ContactId,15,bigint,NULL,19,0,NULL,YES,NULL,NULL
dbo,CRM_14062022,Vehicle_Lessee,16,varchar,100,NULL,NULL,NULL,YES,NULL,SQL_Latin1_General_CP1_CI_AS
dbo,CRM_14062022,Vehicle_LeaseTeanure,17,varchar,50,NULL,NULL,NULL,YES,NULL,SQL_Latin1_General_CP1_CI_AS
dbo,CRM_14062022,Vehicle_IsInsured,18,varchar,3,NULL,NULL,NULL,YES,NULL,SQL_Latin1_General_CP1_CI_AS
dbo,CRM_14062022,Vehicle_Insurance_CompanyId,19,bigint,NULL,19,0,NULL,YES,NULL,NULL
dbo,CRM_14062022,Vehicle_Insurance_ContactId,20,bigint,NULL,19,0,NULL,YES,NULL,NULL
dbo,CRM_14062022,Vehicle_InsuranceValue,21,bigint,NULL,19,0,NULL,YES,NULL,NULL
dbo,CRM_14062022,Vehicle_PaymentTerms,22,int,NULL,10,0,NULL,YES,NULL,NULL
dbo,CRM_14062022,Vehicle_TrackingPassword,23,varchar,50,NULL,NULL,NULL,YES,NULL,SQL_Latin1_General_CP1_CI_AS
dbo,CRM_14062022,Vehicle_TrackingAverageKmPerDay,24,int,NULL,10,0,NULL,YES,NULL,NULL
dbo,CRM_14062022,Vehicle_TrackingSpecialInstructions,25,varchar,-1,NULL,NULL,NULL,YES,NULL,SQL_Latin1_General_CP1_CI_AS
dbo,CRM_14062022,Vehicle_DeviceSerial,26,varchar,-1,NULL,NULL,NULL,YES,NULL,SQL_Latin1_General_CP1_CI_AS
dbo,CRM_14062022,Vehicle_SIM,27,varchar,-1,NULL,NULL,NULL,YES,NULL,SQL_Latin1_General_CP1_CI_AS
dbo,CRM_14062022,Vehicle_SalesPersonName,28,varchar,50,NULL,NULL,NULL,YES,NULL,SQL_Latin1_General_CP1_CI_AS
dbo,CRM_14062022,Vehicle_SalesCode,29,int,NULL,10,0,NULL,YES,NULL,NULL
dbo,CRM_14062022,Vehicle_IMEINo,30,varchar,-1,NULL,NULL,NULL,YES,NULL,SQL_Latin1_General_CP1_CI_AS
dbo,CRM_14062022,Vehicle_SalesOk,31,varchar,-1,NULL,NULL,NULL,YES,NULL,SQL_Latin1_General_CP1_CI_AS
dbo,CRM_14062022,Vehicle_CICOk,32,varchar,-1,NULL,NULL,NULL,YES,NULL,SQL_Latin1_General_CP1_CI_AS
dbo,CRM_14062022,Vehicle_DataCenterOk,33,varchar,-1,NULL,NULL,NULL,YES,NULL,SQL_Latin1_General_CP1_CI_AS
dbo,CRM_14062022,Vehicle_SecurityOk,34,varchar,-1,NULL,NULL,NULL,YES,NULL,SQL_Latin1_General_CP1_CI_AS
dbo,CRM_14062022,Vehicle_CallCenterOk,35,varchar,-1,NULL,NULL,NULL,YES,NULL,SQL_Latin1_General_CP1_CI_AS
dbo,CRM_14062022,Vehicle_FinanceOk,36,varchar,-1,NULL,NULL,NULL,YES,NULL,SQL_Latin1_General_CP1_CI_AS
dbo,CRM_14062022,Vehicle_AgreementDate,37,varchar,-1,NULL,NULL,NULL,YES,NULL,SQL_Latin1_General_CP1_CI_AS
dbo,CRM_14062022,Vehicle_AgreementFiePath,38,varchar,-1,NULL,NULL,NULL,YES,NULL,SQL_Latin1_General_CP1_CI_AS
dbo,CRM_14062022,Vehicle_BonnetLock,39,varchar,-1,NULL,NULL,NULL,YES,NULL,SQL_Latin1_General_CP1_CI_AS
dbo,CRM_14062022,Vehicle_MName,40,varchar,-1,NULL,NULL,NULL,YES,NULL,SQL_Latin1_General_CP1_CI_AS
dbo,CRM_14062022,Vehicle_Installation_location,41,varchar,-1,NULL,NULL,NULL,YES,NULL,SQL_Latin1_General_CP1_CI_AS
dbo,CRM_14062022,Vehicle_PONo,42,varchar,100,NULL,NULL,NULL,YES,NULL,SQL_Latin1_General_CP1_CI_AS
dbo,CRM_14062022,Vehicle_Technician,43,varchar,100,NULL,NULL,NULL,YES,NULL,SQL_Latin1_General_CP1_CI_AS
dbo,CRM_14062022,FirstInstallment,44,int,NULL,10,0,NULL,YES,NULL,NULL
dbo,CRM_14062022,SecInstallment,45,int,NULL,10,0,NULL,YES,NULL,NULL
dbo,CRM_14062022,ThirdInstallment,46,int,NULL,10,0,NULL,YES,NULL,NULL
dbo,CRM_14062022,ForthInstallment,47,int,NULL,10,0,NULL,YES,NULL,NULL
dbo,CRM_14062022,FifthInstallment,48,int,NULL,10,0,NULL,YES,NULL,NULL
dbo,CRM_14062022,SixthInstallment,49,int,NULL,10,0,NULL,YES,NULL,NULL
dbo,CRM_14062022,LNL,50,varchar,2,NULL,NULL,NULL,YES,NULL,SQL_Latin1_General_CP1_CI_AS
dbo,CRM_14062022,Vehicle_Policy,51,int,NULL,10,0,NULL,YES,NULL,NULL
dbo,CRM_14062022,First_DueDate,52,int,NULL,10,0,NULL,YES,NULL,NULL
dbo,CRM_14062022,Second_DueDate,53,int,NULL,10,0,NULL,YES,NULL,NULL
dbo,CRM_14062022,Third_DueDate,54,int,NULL,10,0,NULL,YES,NULL,NULL
dbo,CRM_14062022,Forth_DueDate,55,int,NULL,10,0,NULL,YES,NULL,NULL
dbo,CRM_14062022,Fifth_DueDate,56,int,NULL,10,0,NULL,YES,NULL,NULL
dbo,CRM_14062022,Sixth_DueDate,57,int,NULL,10,0,NULL,YES,NULL,NULL
dbo,CRM_14062022,First_Closing,58,int,NULL,10,0,NULL,YES,NULL,NULL
dbo,CRM_14062022,Sec_Closing,59,int,NULL,10,0,NULL,YES,NULL,NULL
dbo,CRM_14062022,Third_Closing,60,int,NULL,10,0,NULL,YES,NULL,NULL
dbo,CRM_14062022,Forth_Closing,61,int,NULL,10,0,NULL,YES,NULL,NULL
dbo,CRM_14062022,Fifth_Closing,62,int,NULL,10,0,NULL,YES,NULL,NULL
dbo,CRM_14062022,Sixth_Closing,63,int,NULL,10,0,NULL,YES,NULL,NULL
dbo,CRM_14062022,Vehicle_Device,64,varchar,50,NULL,NULL,NULL,YES,NULL,SQL_Latin1_General_CP1_CI_AS
dbo,CRM_14062022,CustomerName,65,varchar,-1,NULL,NULL,NULL,YES,NULL,SQL_Latin1_General_CP1_CI_AS
dbo,CRM_14062022,Address1,66,varchar,-1,NULL,NULL,NULL,YES,NULL,SQL_Latin1_General_CP1_CI_AS
dbo,CRM_14062022,Address2,67,varchar,-1,NULL,NULL,NULL,YES,NULL,SQL_Latin1_General_CP1_CI_AS
dbo,CRM_14062022,TelephoneNo,68,varchar,50,NULL,NULL,NULL,YES,NULL,SQL_Latin1_General_CP1_CI_AS
dbo,CRM_14062022,CellNo,69,varchar,-1,NULL,NULL,NULL,YES,NULL,SQL_Latin1_General_CP1_CI_AS
dbo,CRM_14062022,vehid,70,bigint,NULL,19,0,NULL,YES,NULL,NULL
dbo,CRM_14062022,NIC,71,varchar,100,NULL,NULL,NULL,YES,NULL,SQL_Latin1_General_CP1_CI_AS
dbo,CRM_14062022,InsuredBy,72,varchar,-1,NULL,NULL,NULL,YES,NULL,SQL_Latin1_General_CP1_CI_AS
dbo,CRM_14062022,Vehicle_DateOfInstallation,73,datetime,NULL,NULL,NULL,3,YES,NULL,NULL
dbo,CRM_14062022,PRODUCT,74,varchar,50,NULL,NULL,NULL,YES,NULL,SQL_Latin1_General_CP1_CI_AS
dbo,CRM_14062022,CORPORATE_ID,75,bigint,NULL,19,0,NULL,YES,NULL,NULL
dbo,CRM_14062022,B_ID,76,bigint,NULL,19,0,NULL,YES,NULL,NULL
dbo,CRM_14062022,PACKAGE_TYPE,77,varchar,50,NULL,NULL,NULL,YES,NULL,SQL_Latin1_General_CP1_CI_AS
dbo,CRM_14062022,FLEET_TYPE,78,varchar,30,NULL,NULL,NULL,YES,NULL,SQL_Latin1_General_CP1_CI_AS
dbo,CRM_14062022,BRANCH_NAME,79,varchar,100,NULL,NULL,NULL,YES,NULL,SQL_Latin1_General_CP1_CI_AS
dbo,CRM_14062022,PO_SPECIAL_INSTRUCTIONS,80,varchar,-1,NULL,NULL,NULL,YES,NULL,SQL_Latin1_General_CP1_CI_AS
dbo,CRM_14062022,OBJECTID,81,bigint,NULL,19,0,NULL,YES,NULL,NULL
dbo,CRM_14062022,Amount,82,float,NULL,53,NULL,NULL,YES,NULL,NULL
dbo,CRM_14062022,CommissionValue,83,float,NULL,53,NULL,NULL,YES,NULL,NULL
dbo,CRM_250621,Vehicle_Id,1,bigint,NULL,19,0,NULL,NO,NULL,NULL
dbo,CRM_250621,CustomerId,2,bigint,NULL,19,0,NULL,NO,NULL,NULL
dbo,CRM_250621,PackageID,3,bigint,NULL,19,0,NULL,YES,NULL,NULL
dbo,CRM_250621,Vehicle_Make,4,varchar,50,NULL,NULL,NULL,YES,NULL,SQL_Latin1_General_CP1_CI_AS
dbo,CRM_250621,Vehicle_Model,5,varchar,50,NULL,NULL,NULL,YES,NULL,SQL_Latin1_General_CP1_CI_AS
dbo,CRM_250621,Vehicle_Year,6,varchar,50,NULL,NULL,NULL,YES,NULL,SQL_Latin1_General_CP1_CI_AS
dbo,CRM_250621,Vehicle_Color,7,varchar,50,NULL,NULL,NULL,YES,NULL,SQL_Latin1_General_CP1_CI_AS
dbo,CRM_250621,Vehicle_CC,8,varchar,50,NULL,NULL,NULL,YES,NULL,SQL_Latin1_General_CP1_CI_AS
dbo,CRM_250621,Vehicle_Transmission,9,varchar,9,NULL,NULL,NULL,NO,NULL,SQL_Latin1_General_CP1_CI_AS
dbo,CRM_250621,Vehicle_EngineNo,10,varchar,50,NULL,NULL,NULL,YES,NULL,SQL_Latin1_General_CP1_CI_AS
dbo,CRM_250621,Vehicle_ChasisNo,11,varchar,50,NULL,NULL,NULL,YES,NULL,SQL_Latin1_General_CP1_CI_AS
dbo,CRM_250621,Vehicle_RegistrationNo,12,varchar,50,NULL,NULL,NULL,NO,NULL,SQL_Latin1_General_CP1_CI_AS
dbo,CRM_250621,Vehicle_IsLeased,13,varchar,3,NULL,NULL,NULL,NO,NULL,SQL_Latin1_General_CP1_CI_AS
dbo,CRM_250621,Vehicle_Leased_CompanyId,14,int,NULL,10,0,NULL,YES,NULL,NULL
dbo,CRM_250621,Vehicle_Leased_ContactId,15,int,NULL,10,0,NULL,YES,NULL,NULL
dbo,CRM_250621,Vehicle_Lessee,16,varchar,50,NULL,NULL,NULL,YES,NULL,SQL_Latin1_General_CP1_CI_AS
dbo,CRM_250621,Vehicle_LeaseTeanure,17,int,NULL,10,0,NULL,YES,NULL,NULL
dbo,CRM_250621,Vehicle_IsInsured,18,varchar,3,NULL,NULL,NULL,NO,NULL,SQL_Latin1_General_CP1_CI_AS
dbo,CRM_250621,Vehicle_Insurance_CompanyId,19,int,NULL,10,0,NULL,YES,NULL,NULL
dbo,CRM_250621,Vehicle_Insurance_ContactId,20,int,NULL,10,0,NULL,YES,NULL,NULL
dbo,CRM_250621,Vehicle_InsuranceValue,21,varchar,-1,NULL,NULL,NULL,YES,NULL,SQL_Latin1_General_CP1_CI_AS
dbo,CRM_250621,Vehicle_PaymentTerms,22,int,NULL,10,0,NULL,YES,NULL,NULL
dbo,CRM_250621,Vehicle_TrackingPassword,23,varchar,1,NULL,NULL,NULL,NO,NULL,SQL_Latin1_General_CP1_CI_AS
dbo,CRM_250621,Vehicle_TrackingAverageKmPerDay,24,int,NULL,10,0,NULL,YES,NULL,NULL
dbo,CRM_250621,Vehicle_TrackingSpecialInstructions,25,varchar,-1,NULL,NULL,NULL,YES,NULL,SQL_Latin1_General_CP1_CI_AS
dbo,CRM_250621,Vehicle_DeviceSerial,26,nvarchar,-1,NULL,NULL,NULL,YES,NULL,SQL_Latin1_General_CP1_CI_AS
dbo,CRM_250621,Vehicle_SIM,27,varchar,-1,NULL,NULL,NULL,YES,NULL,SQL_Latin1_General_CP1_CI_AS
dbo,CRM_250621,Vehicle_SalesPersonName,28,varchar,50,NULL,NULL,NULL,YES,NULL,SQL_Latin1_General_CP1_CI_AS
dbo,CRM_250621,Vehicle_SalesCode,29,int,NULL,10,0,NULL,YES,NULL,NULL
dbo,CRM_250621,Vehicle_IMEINo,30,varchar,-1,NULL,NULL,NULL,YES,NULL,SQL_Latin1_General_CP1_CI_AS
dbo,CRM_250621,Vehicle_SalesOk,31,int,NULL,10,0,NULL,YES,NULL,NULL
dbo,CRM_250621,Vehicle_CICOk,32,int,NULL,10,0,NULL,YES,NULL,NULL
dbo,CRM_250621,Vehicle_DataCenterOk,33,int,NULL,10,0,NULL,YES,NULL,NULL
dbo,CRM_250621,Vehicle_SecurityOk,34,int,NULL,10,0,NULL,YES,NULL,NULL
dbo,CRM_250621,Vehicle_CallCenterOk,35,int,NULL,10,0,NULL,YES,NULL,NULL
dbo,CRM_250621,Vehicle_FinanceOk,36,int,NULL,10,0,NULL,YES,NULL,NULL
dbo,CRM_250621,Vehicle_AgreementDate,37,int,NULL,10,0,NULL,YES,NULL,NULL
dbo,CRM_250621,Vehicle_AgreementFiePath,38,int,NULL,10,0,NULL,YES,NULL,NULL
dbo,CRM_250621,Vehicle_DateOfInstallation,39,datetime,NULL,NULL,NULL,3,YES,NULL,NULL
dbo,CRM_250621,Vehicle_BonnetLock,40,int,NULL,10,0,NULL,YES,NULL,NULL
dbo,CRM_250621,Vehicle_MName,41,int,NULL,10,0,NULL,YES,NULL,NULL
dbo,CRM_250621,Vehicle_Installation_location,42,varchar,100,NULL,NULL,NULL,YES,NULL,SQL_Latin1_General_CP1_CI_AS
dbo,CRM_250621,Vehicle_PONo,43,varchar,-1,NULL,NULL,NULL,YES,NULL,SQL_Latin1_General_CP1_CI_AS
dbo,CRM_250621,Vehicle_Technician,44,varchar,50,NULL,NULL,NULL,YES,NULL,SQL_Latin1_General_CP1_CI_AS
dbo,CRM_250621,FirstInstallment,45,int,NULL,10,0,NULL,YES,NULL,NULL
dbo,CRM_250621,SecInstallment,46,int,NULL,10,0,NULL,YES,NULL,NULL
dbo,CRM_250621,ThirdInstallment,47,int,NULL,10,0,NULL,YES,NULL,NULL
dbo,CRM_250621,ForthInstallment,48,int,NULL,10,0,NULL,YES,NULL,NULL
dbo,CRM_250621,FifthInstallment,49,int,NULL,10,0,NULL,YES,NULL,NULL
dbo,CRM_250621,SixthInstallment,50,int,NULL,10,0,NULL,YES,NULL,NULL
dbo,CRM_250621,LNL,51,varchar,2,NULL,NULL,NULL,NO,NULL,SQL_Latin1_General_CP1_CI_AS
dbo,CRM_250621,Vehicle_Policy,52,int,NULL,10,0,NULL,YES,NULL,NULL
dbo,CRM_250621,First_DueDate,53,int,NULL,10,0,NULL,YES,NULL,NULL
dbo,CRM_250621,Second_DueDate,54,int,NULL,10,0,NULL,YES,NULL,NULL
dbo,CRM_250621,Third_DueDate,55,int,NULL,10,0,NULL,YES,NULL,NULL
dbo,CRM_250621,Forth_DueDate,56,int,NULL,10,0,NULL,YES,NULL,NULL
dbo,CRM_250621,Fifth_DueDate,57,int,NULL,10,0,NULL,YES,NULL,NULL
dbo,CRM_250621,Sixth_DueDate,58,int,NULL,10,0,NULL,YES,NULL,NULL
dbo,CRM_250621,First_Closing,59,int,NULL,10,0,NULL,YES,NULL,NULL
dbo,CRM_250621,Sec_Closing,60,int,NULL,10,0,NULL,YES,NULL,NULL
dbo,CRM_250621,Third_Closing,61,int,NULL,10,0,NULL,YES,NULL,NULL
dbo,CRM_250621,Forth_Closing,62,int,NULL,10,0,NULL,YES,NULL,NULL
dbo,CRM_250621,Fifth_Closing,63,int,NULL,10,0,NULL,YES,NULL,NULL
dbo,CRM_250621,Sixth_Closing,64,int,NULL,10,0,NULL,YES,NULL,NULL
dbo,CRM_250621,Vehicle_Device,65,varchar,50,NULL,NULL,NULL,YES,NULL,SQL_Latin1_General_CP1_CI_AS
dbo,CRM_250621,CustomerName,66,varchar,-1,NULL,NULL,NULL,YES,NULL,SQL_Latin1_General_CP1_CI_AS
dbo,CRM_250621,Address1,67,varchar,-1,NULL,NULL,NULL,YES,NULL,SQL_Latin1_General_CP1_CI_AS
dbo,CRM_250621,Address2,68,varchar,-1,NULL,NULL,NULL,YES,NULL,SQL_Latin1_General_CP1_CI_AS
dbo,CRM_250621,TelephoneNo,69,varchar,1,NULL,NULL,NULL,NO,NULL,SQL_Latin1_General_CP1_CI_AS
dbo,CRM_250621,CellNo,70,varchar,-1,NULL,NULL,NULL,YES,NULL,SQL_Latin1_General_CP1_CI_AS
dbo,CRM_250621,vehid,71,bigint,NULL,19,0,NULL,NO,NULL,NULL
dbo,CRM_250621,NIC,72,varchar,-1,NULL,NULL,NULL,YES,NULL,SQL_Latin1_General_CP1_CI_AS
dbo,CRM_250621,InsuredBy,73,varchar,-1,NULL,NULL,NULL,YES,NULL,SQL_Latin1_General_CP1_CI_AS
dbo,CRM_250621,PRODUCT,74,varchar,50,NULL,NULL,NULL,YES,NULL,SQL_Latin1_General_CP1_CI_AS
dbo,CRM_250621,CORPORATE_ID,75,int,NULL,10,0,NULL,YES,NULL,NULL
dbo,CRM_250621,B_ID,76,bigint,NULL,19,0,NULL,YES,NULL,NULL
dbo,CRM_250621,PACKAGE_TYPE,77,varchar,50,NULL,NULL,NULL,YES,NULL,SQL_Latin1_General_CP1_CI_AS
dbo,CRM_AR_TAX_TEMP,RefNo,1,varchar,100,NULL,NULL,NULL,NO,NULL,SQL_Latin1_General_CP1_CI_AS
dbo,CRM_AR_TAX_TEMP,TAXDETAILS,2,varchar,200,NULL,NULL,NULL,YES,NULL,SQL_Latin1_General_CP1_CI_AS
dbo,CRM_AR_TAX_TEMP,AI_NO,3,bigint,NULL,19,0,NULL,YES,NULL,NULL
dbo,CRM_AR_TAX_TEMP,APT_TD_ID,4,int,NULL,10,0,NULL,YES,NULL,NULL
dbo,CRM_AR_TAX_TEMP,APT_TAX_AMOUNT,5,float,NULL,53,NULL,NULL,YES,NULL,NULL
dbo,CRM_AR_TAX_TEMP,SEQNO,6,int,NULL,10,0,NULL,YES,NULL,NULL
dbo,CRM_AR_TAX_TEMP_TEST,RefNo,1,varchar,100,NULL,NULL,NULL,NO,NULL,SQL_Latin1_General_CP1_CI_AS
dbo,CRM_AR_TAX_TEMP_TEST,TAXDETAILS,2,varchar,200,NULL,NULL,NULL,YES,NULL,SQL_Latin1_General_CP1_CI_AS
dbo,CRM_AR_TAX_TEMP_TEST,AI_NO,3,bigint,NULL,19,0,NULL,YES,NULL,NULL
dbo,CRM_AR_TAX_TEMP_TEST,APT_TD_ID,4,int,NULL,10,0,NULL,YES,NULL,NULL
dbo,CRM_AR_TAX_TEMP_TEST,APT_TAX_AMOUNT,5,float,NULL,53,NULL,NULL,YES,NULL,NULL
dbo,CRM_AR_TAX_TEMP_TEST,SEQNO,6,int,NULL,10,0,NULL,YES,NULL,NULL
dbo,CRM_ATS_PAYMENT_RECEIPT_V_TBL,APR_NO,1,bigint,NULL,19,0,NULL,NO,NULL,NULL
dbo,CRM_ATS_PAYMENT_RECEIPT_V_TBL,APR_DATE,2,datetime,NULL,NULL,NULL,3,YES,NULL,NULL
dbo,CRM_ATS_PAYMENT_RECEIPT_V_TBL,APR_DESCRIPTION,3,varchar,255,NULL,NULL,NULL,YES,NULL,SQL_Latin1_General_CP1_CI_AS
dbo,CRM_ATS_PAYMENT_RECEIPT_V_TBL,APR_CO_ID,4,bigint,NULL,19,0,NULL,YES,NULL,NULL
dbo,CRM_ATS_PAYMENT_RECEIPT_V_TBL,APR_BANK_ID,5,int,NULL,10,0,NULL,YES,NULL,NULL
dbo,CRM_ATS_PAYMENT_RECEIPT_V_TBL,APR_POST,6,bit,NULL,NULL,NULL,NULL,YES,NULL,NULL
dbo,CRM_ATS_PAYMENT_RECEIPT_V_TBL,APR_GL,7,bit,NULL,NULL,NULL,NULL,YES,NULL,NULL
dbo,CRM_ATS_PAYMENT_RECEIPT_V_TBL,APR_Cancel,8,bit,NULL,NULL,NULL,NULL,YES,NULL,NULL
dbo,CRM_ATS_PAYMENT_RECEIPT_V_TBL,AAI_AI_NO,9,bigint,NULL,19,0,NULL,YES,NULL,NULL
dbo,CRM_ATS_PAYMENT_RECEIPT_V_TBL,AAI_AI_DATE,10,datetime,NULL,NULL,NULL,3,YES,NULL,NULL
dbo,CRM_ATS_PAYMENT_RECEIPT_V_TBL,AAI_AI_AMOUNT,11,float,NULL,53,NULL,NULL,YES,NULL,NULL
dbo,CRM_ATS_PAYMENT_RECEIPT_V_TBL,AAI_PEN_AMOUNT,12,float,NULL,53,NULL,NULL,YES,NULL,NULL
dbo,CRM_ATS_PAYMENT_RECEIPT_V_TBL,AAI_ADJUST,13,float,NULL,53,NULL,NULL,YES,NULL,NULL
dbo,CRM_ATS_PAYMENT_RECEIPT_V_TBL,AO_VEHICLE_ID,14,int,NULL,10,0,NULL,YES,NULL,NULL
dbo,CRM_ATS_PAYMENT_RECEIPT_V_TBL,AI_vehicle_make,15,varchar,50,NULL,NULL,NULL,YES,NULL,SQL_Latin1_General_CP1_CI_AS
dbo,CRM_ATS_PAYMENT_RECEIPT_V_TBL,AI_VEHICLE_MODEL,16,varchar,50,NULL,NULL,NULL,YES,NULL,SQL_Latin1_General_CP1_CI_AS
dbo,CRM_ATS_PAYMENT_RECEIPT_V_TBL,AI_VEHICLE_CHASISNO,17,varchar,50,NULL,NULL,NULL,YES,NULL,SQL_Latin1_General_CP1_CI_AS
dbo,CRM_ATS_PAYMENT_RECEIPT_V_TBL,AI_VEHICLE_ENGINENO,18,varchar,50,NULL,NULL,NULL,YES,NULL,SQL_Latin1_General_CP1_CI_AS
dbo,CRM_ATS_PAYMENT_RECEIPT_V_TBL,AI_VEHICLE_DOI,19,varchar,50,NULL,NULL,NULL,YES,NULL,SQL_Latin1_General_CP1_CI_AS
dbo,CRM_ATS_PAYMENT_RECEIPT_V_TBL,AI_VEHICLE_REGISTRATIONNO,20,varchar,50,NULL,NULL,NULL,YES,NULL,SQL_Latin1_General_CP1_CI_AS
dbo,CRM_ATS_PAYMENT_RECEIPT_V_TBL,CRM_TRANS_ID,21,bigint,NULL,19,0,NULL,YES,NULL,NULL
dbo,CRM_ATS_PAYMENT_RECEIPT_V_TBL,BANK_NAME,22,varchar,100,NULL,NULL,NULL,NO,NULL,SQL_Latin1_General_CP1_CI_AS
dbo,CRM_ATS_PAYMENT_RECEIPT_V_TBL,CO_Company_Name,23,varchar,100,NULL,NULL,NULL,YES,NULL,SQL_Latin1_General_CP1_CI_AS
dbo,CRM_ATS_PAYMENT_RECEIPT_V_TBL,CRM_InsuredBy,24,varchar,-1,NULL,NULL,NULL,YES,NULL,SQL_Latin1_General_CP1_CI_AS
dbo,CRM_ATS_PAYMENT_RECEIPT_V_TBL,CRM_CustomerName,25,varchar,-1,NULL,NULL,NULL,YES,NULL,SQL_Latin1_General_CP1_CI_AS
dbo,CRM_ATS_PAYMENT_RECEIPT_V_TBL,LOG_DATETIME_INSERT,26,datetime,NULL,NULL,NULL,3,YES,NULL,NULL
dbo,CRM_ATS_PAYMENT_RECEIPT_V_TBL,CO_Corporate,27,bit,NULL,NULL,NULL,NULL,YES,NULL,NULL
dbo,CRM_KJN001,Vehicle_Id,1,bigint,NULL,19,0,NULL,NO,NULL,NULL
dbo,CRM_KJN001,CustomerId,2,bigint,NULL,19,0,NULL,NO,NULL,NULL
dbo,CRM_KJN001,PackageID,3,bigint,NULL,19,0,NULL,YES,NULL,NULL
dbo,CRM_KJN001,Vehicle_Make,4,varchar,50,NULL,NULL,NULL,YES,NULL,SQL_Latin1_General_CP1_CI_AS
dbo,CRM_KJN001,Vehicle_Model,5,varchar,50,NULL,NULL,NULL,YES,NULL,SQL_Latin1_General_CP1_CI_AS
dbo,CRM_KJN001,Vehicle_Year,6,varchar,50,NULL,NULL,NULL,YES,NULL,SQL_Latin1_General_CP1_CI_AS
dbo,CRM_KJN001,Vehicle_Color,7,varchar,50,NULL,NULL,NULL,YES,NULL,SQL_Latin1_General_CP1_CI_AS
dbo,CRM_KJN001,Vehicle_CC,8,varchar,50,NULL,NULL,NULL,YES,NULL,SQL_Latin1_General_CP1_CI_AS
dbo,CRM_KJN001,Vehicle_Transmission,9,varchar,9,NULL,NULL,NULL,NO,NULL,SQL_Latin1_General_CP1_CI_AS
dbo,CRM_KJN001,Vehicle_EngineNo,10,varchar,50,NULL,NULL,NULL,YES,NULL,SQL_Latin1_General_CP1_CI_AS
dbo,CRM_KJN001,Vehicle_ChasisNo,11,varchar,50,NULL,NULL,NULL,YES,NULL,SQL_Latin1_General_CP1_CI_AS
dbo,CRM_KJN001,Vehicle_RegistrationNo,12,varchar,50,NULL,NULL,NULL,NO,NULL,SQL_Latin1_General_CP1_CI_AS
dbo,CRM_KJN001,Vehicle_IsLeased,13,varchar,3,NULL,NULL,NULL,NO,NULL,SQL_Latin1_General_CP1_CI_AS
dbo,CRM_KJN001,Vehicle_Leased_CompanyId,14,int,NULL,10,0,NULL,YES,NULL,NULL
dbo,CRM_KJN001,Vehicle_Leased_ContactId,15,int,NULL,10,0,NULL,YES,NULL,NULL
dbo,CRM_KJN001,Vehicle_Lessee,16,varchar,50,NULL,NULL,NULL,YES,NULL,SQL_Latin1_General_CP1_CI_AS
dbo,CRM_KJN001,Vehicle_LeaseTeanure,17,int,NULL,10,0,NULL,YES,NULL,NULL
dbo,CRM_KJN001,Vehicle_IsInsured,18,varchar,3,NULL,NULL,NULL,NO,NULL,SQL_Latin1_General_CP1_CI_AS
dbo,CRM_KJN001,Vehicle_Insurance_CompanyId,19,int,NULL,10,0,NULL,YES,NULL,NULL
dbo,CRM_KJN001,Vehicle_Insurance_ContactId,20,int,NULL,10,0,NULL,YES,NULL,NULL
dbo,CRM_KJN001,Vehicle_InsuranceValue,21,varchar,-1,NULL,NULL,NULL,YES,NULL,SQL_Latin1_General_CP1_CI_AS
dbo,CRM_KJN001,Vehicle_PaymentTerms,22,int,NULL,10,0,NULL,YES,NULL,NULL
dbo,CRM_KJN001,Vehicle_TrackingPassword,23,varchar,1,NULL,NULL,NULL,NO,NULL,SQL_Latin1_General_CP1_CI_AS
dbo,CRM_KJN001,Vehicle_TrackingAverageKmPerDay,24,int,NULL,10,0,NULL,YES,NULL,NULL
dbo,CRM_KJN001,Vehicle_TrackingSpecialInstructions,25,varchar,-1,NULL,NULL,NULL,YES,NULL,SQL_Latin1_General_CP1_CI_AS
dbo,CRM_KJN001,Vehicle_DeviceSerial,26,varchar,-1,NULL,NULL,NULL,YES,NULL,SQL_Latin1_General_CP1_CI_AS
dbo,CRM_KJN001,Vehicle_SIM,27,varchar,-1,NULL,NULL,NULL,YES,NULL,SQL_Latin1_General_CP1_CI_AS
dbo,CRM_KJN001,Vehicle_SalesPersonName,28,varchar,50,NULL,NULL,NULL,YES,NULL,SQL_Latin1_General_CP1_CI_AS
dbo,CRM_KJN001,Vehicle_SalesCode,29,int,NULL,10,0,NULL,YES,NULL,NULL
dbo,CRM_KJN001,Vehicle_IMEINo,30,varchar,-1,NULL,NULL,NULL,YES,NULL,SQL_Latin1_General_CP1_CI_AS
dbo,CRM_KJN001,Vehicle_SalesOk,31,int,NULL,10,0,NULL,YES,NULL,NULL
dbo,CRM_KJN001,Vehicle_CICOk,32,int,NULL,10,0,NULL,YES,NULL,NULL
dbo,CRM_KJN001,Vehicle_DataCenterOk,33,int,NULL,10,0,NULL,YES,NULL,NULL
dbo,CRM_KJN001,Vehicle_SecurityOk,34,int,NULL,10,0,NULL,YES,NULL,NULL
dbo,CRM_KJN001,Vehicle_CallCenterOk,35,int,NULL,10,0,NULL,YES,NULL,NULL
dbo,CRM_KJN001,Vehicle_FinanceOk,36,int,NULL,10,0,NULL,YES,NULL,NULL
dbo,CRM_KJN001,Vehicle_AgreementDate,37,int,NULL,10,0,NULL,YES,NULL,NULL
dbo,CRM_KJN001,Vehicle_AgreementFiePath,38,int,NULL,10,0,NULL,YES,NULL,NULL
dbo,CRM_KJN001,Vehicle_BonnetLock,39,int,NULL,10,0,NULL,YES,NULL,NULL
dbo,CRM_KJN001,Vehicle_MName,40,int,NULL,10,0,NULL,YES,NULL,NULL
dbo,CRM_KJN001,Vehicle_Installation_location,41,varchar,100,NULL,NULL,NULL,YES,NULL,SQL_Latin1_General_CP1_CI_AS
dbo,CRM_KJN001,Vehicle_PONo,42,varchar,-1,NULL,NULL,NULL,YES,NULL,SQL_Latin1_General_CP1_CI_AS
dbo,CRM_KJN001,Vehicle_Technician,43,varchar,50,NULL,NULL,NULL,YES,NULL,SQL_Latin1_General_CP1_CI_AS
dbo,CRM_KJN001,FirstInstallment,44,int,NULL,10,0,NULL,YES,NULL,NULL
dbo,CRM_KJN001,SecInstallment,45,int,NULL,10,0,NULL,YES,NULL,NULL
dbo,CRM_KJN001,ThirdInstallment,46,int,NULL,10,0,NULL,YES,NULL,NULL
dbo,CRM_KJN001,ForthInstallment,47,int,NULL,10,0,NULL,YES,NULL,NULL
dbo,CRM_KJN001,FifthInstallment,48,int,NULL,10,0,NULL,YES,NULL,NULL
dbo,CRM_KJN001,SixthInstallment,49,int,NULL,10,0,NULL,YES,NULL,NULL
dbo,CRM_KJN001,LNL,50,varchar,2,NULL,NULL,NULL,NO,NULL,SQL_Latin1_General_CP1_CI_AS
dbo,CRM_KJN001,Vehicle_Policy,51,int,NULL,10,0,NULL,YES,NULL,NULL
dbo,CRM_KJN001,First_DueDate,52,int,NULL,10,0,NULL,YES,NULL,NULL
dbo,CRM_KJN001,Second_DueDate,53,int,NULL,10,0,NULL,YES,NULL,NULL
dbo,CRM_KJN001,Third_DueDate,54,int,NULL,10,0,NULL,YES,NULL,NULL
dbo,CRM_KJN001,Forth_DueDate,55,int,NULL,10,0,NULL,YES,NULL,NULL
dbo,CRM_KJN001,Fifth_DueDate,56,int,NULL,10,0,NULL,YES,NULL,NULL
dbo,CRM_KJN001,Sixth_DueDate,57,int,NULL,10,0,NULL,YES,NULL,NULL
dbo,CRM_KJN001,First_Closing,58,int,NULL,10,0,NULL,YES,NULL,NULL
dbo,CRM_KJN001,Sec_Closing,59,int,NULL,10,0,NULL,YES,NULL,NULL
dbo,CRM_KJN001,Third_Closing,60,int,NULL,10,0,NULL,YES,NULL,NULL
dbo,CRM_KJN001,Forth_Closing,61,int,NULL,10,0,NULL,YES,NULL,NULL
dbo,CRM_KJN001,Fifth_Closing,62,int,NULL,10,0,NULL,YES,NULL,NULL
dbo,CRM_KJN001,Sixth_Closing,63,int,NULL,10,0,NULL,YES,NULL,NULL
dbo,CRM_KJN001,Vehicle_Device,64,varchar,50,NULL,NULL,NULL,YES,NULL,SQL_Latin1_General_CP1_CI_AS
dbo,CRM_KJN001,CustomerName,65,varchar,-1,NULL,NULL,NULL,YES,NULL,SQL_Latin1_General_CP1_CI_AS
dbo,CRM_KJN001,Address1,66,varchar,-1,NULL,NULL,NULL,YES,NULL,SQL_Latin1_General_CP1_CI_AS
dbo,CRM_KJN001,Address2,67,varchar,-1,NULL,NULL,NULL,YES,NULL,SQL_Latin1_General_CP1_CI_AS
dbo,CRM_KJN001,TelephoneNo,68,varchar,1,NULL,NULL,NULL,NO,NULL,SQL_Latin1_General_CP1_CI_AS
dbo,CRM_KJN001,CellNo,69,varchar,-1,NULL,NULL,NULL,YES,NULL,SQL_Latin1_General_CP1_CI_AS
dbo,CRM_KJN001,vehid,70,bigint,NULL,19,0,NULL,NO,NULL,NULL
dbo,CRM_KJN001,NIC,71,varchar,-1,NULL,NULL,NULL,YES,NULL,SQL_Latin1_General_CP1_CI_AS
dbo,CRM_KJN001,InsuredBy,72,varchar,-1,NULL,NULL,NULL,YES,NULL,SQL_Latin1_General_CP1_CI_AS
dbo,CRM_KJN001,Vehicle_DateOfInstallation,73,datetime,NULL,NULL,NULL,3,YES,NULL,NULL
dbo,CRM_KJN001,PRODUCT,74,varchar,50,NULL,NULL,NULL,YES,NULL,SQL_Latin1_General_CP1_CI_AS
dbo,CRM_KJN001,CORPORATE_ID,75,int,NULL,10,0,NULL,YES,NULL,NULL
dbo,CRM_KJN001,B_ID,76,bigint,NULL,19,0,NULL,YES,NULL,NULL
dbo,CRM_KJN001,PACKAGE_TYPE,77,varchar,50,NULL,NULL,NULL,YES,NULL,SQL_Latin1_General_CP1_CI_AS
dbo,CRM_PaymentReceiptPosted,VehicleId,1,bigint,NULL,19,0,NULL,NO,NULL,NULL
dbo,CRM_PaymentReceiptPosted,Engine,2,varchar,50,NULL,NULL,NULL,YES,NULL,SQL_Latin1_General_CP1_CI_AS
dbo,CRM_PaymentReceiptPosted,Chassis,3,varchar,50,NULL,NULL,NULL,YES,NULL,SQL_Latin1_General_CP1_CI_AS
dbo,CRM_PaymentReceiptPosted,Amount,4,float,NULL,53,NULL,NULL,YES,NULL,NULL
dbo,CRM_PaymentReceiptPosted,Mode,5,varchar,50,NULL,NULL,NULL,YES,NULL,SQL_Latin1_General_CP1_CI_AS
dbo,CRM_PaymentReceiptPosted,PaymentFor,6,varchar,50,NULL,NULL,NULL,YES,NULL,SQL_Latin1_General_CP1_CI_AS
dbo,CRM_PaymentReceiptPosted,BankID,7,int,NULL,10,0,NULL,YES,NULL,NULL
dbo,CRM_PaymentReceiptPosted,AI_NO,8,bigint,NULL,19,0,NULL,YES,NULL,NULL
dbo,CRM_PaymentReceiptPosted,TaxDetails,9,nvarchar,-1,NULL,NULL,NULL,YES,NULL,SQL_Latin1_General_CP1_CI_AS
dbo,CRM_PaymentReceiptPosted,NoOfTaxes,10,int,NULL,10,0,NULL,YES,NULL,NULL
dbo,CRM_PaymentReceiptPosted,RefNo,11,varchar,100,NULL,NULL,NULL,YES,NULL,SQL_Latin1_General_CP1_CI_AS
dbo,CRM_PaymentReceiptPosted,LogTime,12,datetime,NULL,NULL,NULL,3,YES,NULL,NULL
dbo,CRM_PaymentReceiptPosted,PostingTime,13,datetime,NULL,NULL,NULL,3,YES,NULL,NULL
dbo,CRM_PaymentReceiptPosted,PostedBy,14,varchar,50,NULL,NULL,NULL,YES,NULL,SQL_Latin1_General_CP1_CI_AS
dbo,CRM_PaymentReceiptPosted,DepositDate,15,datetime,NULL,NULL,NULL,3,YES,NULL,NULL
dbo,CRM_PaymentReceiptPosted,ATS_Post_Date,16,datetime,NULL,NULL,NULL,3,YES,NULL,NULL
dbo,CRM_PaymentReceiptPosted,ATS_Post,17,bit,NULL,NULL,NULL,NULL,YES,NULL,NULL
dbo,CRM_PaymentReceiptPosted,TransID,18,bigint,NULL,19,0,NULL,YES,NULL,NULL
dbo,CRM_PaymentReceiptPosted,CustomerId,19,bigint,NULL,19,0,NULL,YES,NULL,NULL
dbo,CRM_PaymentReceiptPosted,AI_CO_ID,20,bigint,NULL,19,0,NULL,YES,NULL,NULL
dbo,CRM_PaymentReceiptPosted,AI_Amount,21,bigint,NULL,19,0,NULL,YES,NULL,NULL
dbo,CRM_PaymentReceiptPosted,AI_Date,22,datetime,NULL,NULL,NULL,3,YES,NULL,NULL
dbo,CRM_PaymentReceiptPosted,APR_NO,23,bigint,NULL,19,0,NULL,YES,NULL,NULL
dbo,CRM_VEHICLE_ID,CRM_VEHICLE_ID,1,bigint,NULL,19,0,NULL,YES,NULL,NULL
dbo,CRM_VEHICLESDETAILS,Vehicle_Id,1,bigint,NULL,19,0,NULL,NO,NULL,NULL
dbo,CRM_VEHICLESDETAILS,CustomerId,2,bigint,NULL,19,0,NULL,YES,NULL,NULL
dbo,CRM_VEHICLESDETAILS,PackageID,3,bigint,NULL,19,0,NULL,YES,NULL,NULL
dbo,CRM_VEHICLESDETAILS,Vehicle_Make,4,varchar,50,NULL,NULL,NULL,YES,NULL,SQL_Latin1_General_CP1_CI_AS
dbo,CRM_VEHICLESDETAILS,Vehicle_Model,5,varchar,50,NULL,NULL,NULL,YES,NULL,SQL_Latin1_General_CP1_CI_AS
dbo,CRM_VEHICLESDETAILS,Vehicle_Year,6,varchar,50,NULL,NULL,NULL,YES,NULL,SQL_Latin1_General_CP1_CI_AS
dbo,CRM_VEHICLESDETAILS,Vehicle_Color,7,varchar,50,NULL,NULL,NULL,YES,NULL,SQL_Latin1_General_CP1_CI_AS
dbo,CRM_VEHICLESDETAILS,Vehicle_CC,8,varchar,50,NULL,NULL,NULL,YES,NULL,SQL_Latin1_General_CP1_CI_AS
dbo,CRM_VEHICLESDETAILS,Vehicle_Transmission,9,varchar,50,NULL,NULL,NULL,YES,NULL,SQL_Latin1_General_CP1_CI_AS
dbo,CRM_VEHICLESDETAILS,Vehicle_EngineNo,10,varchar,50,NULL,NULL,NULL,YES,NULL,SQL_Latin1_General_CP1_CI_AS
dbo,CRM_VEHICLESDETAILS,Vehicle_ChasisNo,11,varchar,50,NULL,NULL,NULL,YES,NULL,SQL_Latin1_General_CP1_CI_AS
dbo,CRM_VEHICLESDETAILS,Vehicle_RegistrationNo,12,varchar,50,NULL,NULL,NULL,YES,NULL,SQL_Latin1_General_CP1_CI_AS
dbo,CRM_VEHICLESDETAILS,Vehicle_IsLeased,13,varchar,3,NULL,NULL,NULL,YES,NULL,SQL_Latin1_General_CP1_CI_AS
dbo,CRM_VEHICLESDETAILS,Vehicle_Leased_CompanyId,14,bigint,NULL,19,0,NULL,YES,NULL,NULL
dbo,CRM_VEHICLESDETAILS,Vehicle_Leased_ContactId,15,bigint,NULL,19,0,NULL,YES,NULL,NULL
dbo,CRM_VEHICLESDETAILS,Vehicle_Lessee,16,varchar,100,NULL,NULL,NULL,YES,NULL,SQL_Latin1_General_CP1_CI_AS
dbo,CRM_VEHICLESDETAILS,Vehicle_LeaseTeanure,17,varchar,50,NULL,NULL,NULL,YES,NULL,SQL_Latin1_General_CP1_CI_AS
dbo,CRM_VEHICLESDETAILS,Vehicle_IsInsured,18,varchar,3,NULL,NULL,NULL,YES,NULL,SQL_Latin1_General_CP1_CI_AS
dbo,CRM_VEHICLESDETAILS,Vehicle_Insurance_CompanyId,19,bigint,NULL,19,0,NULL,YES,NULL,NULL
dbo,CRM_VEHICLESDETAILS,Vehicle_Insurance_ContactId,20,bigint,NULL,19,0,NULL,YES,NULL,NULL
dbo,CRM_VEHICLESDETAILS,Vehicle_InsuranceValue,21,varchar,50,NULL,NULL,NULL,YES,NULL,SQL_Latin1_General_CP1_CI_AS
dbo,CRM_VEHICLESDETAILS,Vehicle_PaymentTerms,22,int,NULL,10,0,NULL,YES,NULL,NULL
dbo,CRM_VEHICLESDETAILS,Vehicle_TrackingPassword,23,varchar,50,NULL,NULL,NULL,YES,NULL,SQL_Latin1_General_CP1_CI_AS
dbo,CRM_VEHICLESDETAILS,Vehicle_TrackingAverageKmPerDay,24,int,NULL,10,0,NULL,YES,NULL,NULL
dbo,CRM_VEHICLESDETAILS,Vehicle_TrackingSpecialInstructions,25,varchar,-1,NULL,NULL,NULL,YES,NULL,SQL_Latin1_General_CP1_CI_AS
dbo,CRM_VEHICLESDETAILS,Vehicle_DeviceSerial,26,varchar,-1,NULL,NULL,NULL,YES,NULL,SQL_Latin1_General_CP1_CI_AS
dbo,CRM_VEHICLESDETAILS,Vehicle_SIM,27,varchar,-1,NULL,NULL,NULL,YES,NULL,SQL_Latin1_General_CP1_CI_AS
dbo,CRM_VEHICLESDETAILS,Vehicle_SalesPersonName,28,varchar,50,NULL,NULL,NULL,YES,NULL,SQL_Latin1_General_CP1_CI_AS
dbo,CRM_VEHICLESDETAILS,Vehicle_SalesCode,29,int,NULL,10,0,NULL,YES,NULL,NULL
dbo,CRM_VEHICLESDETAILS,Vehicle_IMEINo,30,varchar,-1,NULL,NULL,NULL,YES,NULL,SQL_Latin1_General_CP1_CI_AS
dbo,CRM_VEHICLESDETAILS,Vehicle_SalesOk,31,varchar,-1,NULL,NULL,NULL,YES,NULL,SQL_Latin1_General_CP1_CI_AS
dbo,CRM_VEHICLESDETAILS,Vehicle_CICOk,32,varchar,-1,NULL,NULL,NULL,YES,NULL,SQL_Latin1_General_CP1_CI_AS
dbo,CRM_VEHICLESDETAILS,Vehicle_DataCenterOk,33,varchar,-1,NULL,NULL,NULL,YES,NULL,SQL_Latin1_General_CP1_CI_AS
dbo,CRM_VEHICLESDETAILS,Vehicle_SecurityOk,34,varchar,-1,NULL,NULL,NULL,YES,NULL,SQL_Latin1_General_CP1_CI_AS
dbo,CRM_VEHICLESDETAILS,Vehicle_CallCenterOk,35,varchar,-1,NULL,NULL,NULL,YES,NULL,SQL_Latin1_General_CP1_CI_AS
dbo,CRM_VEHICLESDETAILS,Vehicle_FinanceOk,36,varchar,-1,NULL,NULL,NULL,YES,NULL,SQL_Latin1_General_CP1_CI_AS
dbo,CRM_VEHICLESDETAILS,Vehicle_AgreementDate,37,varchar,-1,NULL,NULL,NULL,YES,NULL,SQL_Latin1_General_CP1_CI_AS
dbo,CRM_VEHICLESDETAILS,Vehicle_AgreementFiePath,38,varchar,-1,NULL,NULL,NULL,YES,NULL,SQL_Latin1_General_CP1_CI_AS
dbo,CRM_VEHICLESDETAILS,Vehicle_BonnetLock,39,varchar,-1,NULL,NULL,NULL,YES,NULL,SQL_Latin1_General_CP1_CI_AS
dbo,CRM_VEHICLESDETAILS,Vehicle_MName,40,varchar,-1,NULL,NULL,NULL,YES,NULL,SQL_Latin1_General_CP1_CI_AS
dbo,CRM_VEHICLESDETAILS,Vehicle_Installation_location,41,varchar,-1,NULL,NULL,NULL,YES,NULL,SQL_Latin1_General_CP1_CI_AS
dbo,CRM_VEHICLESDETAILS,Vehicle_PONo,42,varchar,100,NULL,NULL,NULL,YES,NULL,SQL_Latin1_General_CP1_CI_AS
dbo,CRM_VEHICLESDETAILS,Vehicle_Technician,43,varchar,100,NULL,NULL,NULL,YES,NULL,SQL_Latin1_General_CP1_CI_AS
dbo,CRM_VEHICLESDETAILS,FirstInstallment,44,int,NULL,10,0,NULL,YES,NULL,NULL
dbo,CRM_VEHICLESDETAILS,SecInstallment,45,int,NULL,10,0,NULL,YES,NULL,NULL
dbo,CRM_VEHICLESDETAILS,ThirdInstallment,46,int,NULL,10,0,NULL,YES,NULL,NULL
dbo,CRM_VEHICLESDETAILS,ForthInstallment,47,int,NULL,10,0,NULL,YES,NULL,NULL
dbo,CRM_VEHICLESDETAILS,FifthInstallment,48,int,NULL,10,0,NULL,YES,NULL,NULL
dbo,CRM_VEHICLESDETAILS,SixthInstallment,49,int,NULL,10,0,NULL,YES,NULL,NULL
dbo,CRM_VEHICLESDETAILS,LNL,50,varchar,2,NULL,NULL,NULL,YES,NULL,SQL_Latin1_General_CP1_CI_AS
dbo,CRM_VEHICLESDETAILS,Vehicle_Policy,51,int,NULL,10,0,NULL,YES,NULL,NULL
dbo,CRM_VEHICLESDETAILS,First_DueDate,52,int,NULL,10,0,NULL,YES,NULL,NULL
dbo,CRM_VEHICLESDETAILS,Second_DueDate,53,int,NULL,10,0,NULL,YES,NULL,NULL
dbo,CRM_VEHICLESDETAILS,Third_DueDate,54,int,NULL,10,0,NULL,YES,NULL,NULL
dbo,CRM_VEHICLESDETAILS,Forth_DueDate,55,int,NULL,10,0,NULL,YES,NULL,NULL
dbo,CRM_VEHICLESDETAILS,Fifth_DueDate,56,int,NULL,10,0,NULL,YES,NULL,NULL
dbo,CRM_VEHICLESDETAILS,Sixth_DueDate,57,int,NULL,10,0,NULL,YES,NULL,NULL
dbo,CRM_VEHICLESDETAILS,First_Closing,58,int,NULL,10,0,NULL,YES,NULL,NULL
dbo,CRM_VEHICLESDETAILS,Sec_Closing,59,int,NULL,10,0,NULL,YES,NULL,NULL
dbo,CRM_VEHICLESDETAILS,Third_Closing,60,int,NULL,10,0,NULL,YES,NULL,NULL
dbo,CRM_VEHICLESDETAILS,Forth_Closing,61,int,NULL,10,0,NULL,YES,NULL,NULL
dbo,CRM_VEHICLESDETAILS,Fifth_Closing,62,int,NULL,10,0,NULL,YES,NULL,NULL
dbo,CRM_VEHICLESDETAILS,Sixth_Closing,63,int,NULL,10,0,NULL,YES,NULL,NULL
dbo,CRM_VEHICLESDETAILS,Vehicle_Device,64,varchar,50,NULL,NULL,NULL,YES,NULL,SQL_Latin1_General_CP1_CI_AS
dbo,CRM_VEHICLESDETAILS,CustomerName,65,varchar,-1,NULL,NULL,NULL,YES,NULL,SQL_Latin1_General_CP1_CI_AS
dbo,CRM_VEHICLESDETAILS,Address1,66,varchar,-1,NULL,NULL,NULL,YES,NULL,SQL_Latin1_General_CP1_CI_AS
dbo,CRM_VEHICLESDETAILS,Address2,67,varchar,-1,NULL,NULL,NULL,YES,NULL,SQL_Latin1_General_CP1_CI_AS
dbo,CRM_VEHICLESDETAILS,TelephoneNo,68,varchar,50,NULL,NULL,NULL,YES,NULL,SQL_Latin1_General_CP1_CI_AS
dbo,CRM_VEHICLESDETAILS,CellNo,69,varchar,-1,NULL,NULL,NULL,YES,NULL,SQL_Latin1_General_CP1_CI_AS
dbo,CRM_VEHICLESDETAILS,vehid,70,bigint,NULL,19,0,NULL,YES,NULL,NULL
dbo,CRM_VEHICLESDETAILS,NIC,71,varchar,100,NULL,NULL,NULL,YES,NULL,SQL_Latin1_General_CP1_CI_AS
dbo,CRM_VEHICLESDETAILS,InsuredBy,72,varchar,-1,NULL,NULL,NULL,YES,NULL,SQL_Latin1_General_CP1_CI_AS
dbo,CRM_VEHICLESDETAILS,Vehicle_DateOfInstallation,73,datetime,NULL,NULL,NULL,3,YES,NULL,NULL
dbo,CRM_VEHICLESDETAILS,PRODUCT,74,varchar,50,NULL,NULL,NULL,YES,NULL,SQL_Latin1_General_CP1_CI_AS
dbo,CRM_VEHICLESDETAILS,CORPORATE_ID,75,bigint,NULL,19,0,NULL,YES,NULL,NULL
dbo,CRM_VEHICLESDETAILS,B_ID,76,bigint,NULL,19,0,NULL,YES,NULL,NULL
dbo,CRM_VEHICLESDETAILS,PACKAGE_TYPE,77,varchar,50,NULL,NULL,NULL,YES,NULL,SQL_Latin1_General_CP1_CI_AS
dbo,CRM_VEHICLESDETAILS,FLEET_TYPE,78,varchar,30,NULL,NULL,NULL,YES,NULL,SQL_Latin1_General_CP1_CI_AS
dbo,CRM_VEHICLESDETAILS,BRANCH_NAME,79,varchar,100,NULL,NULL,NULL,YES,NULL,SQL_Latin1_General_CP1_CI_AS
dbo,CRM_VEHICLESDETAILS,PO_SPECIAL_INSTRUCTIONS,80,varchar,-1,NULL,NULL,NULL,YES,NULL,SQL_Latin1_General_CP1_CI_AS
dbo,CRM_VEHICLESDETAILS,OBJECTID,81,bigint,NULL,19,0,NULL,YES,NULL,NULL
dbo,CRM_VEHICLESDETAILS,Amount,82,float,NULL,53,NULL,NULL,YES,NULL,NULL
dbo,CRM_VEHICLESDETAILS,CommissionValue,83,float,NULL,53,NULL,NULL,YES,NULL,NULL
dbo,CurrentMonthSummary,ATS_Date,1,date,NULL,NULL,NULL,0,YES,NULL,NULL
dbo,CurrentMonthSummary,Bank Islami Pakistan Limited,2,float,NULL,53,NULL,NULL,NO,NULL,NULL
dbo,CurrentMonthSummary,Dubai Islamic Bank Limited,3,float,NULL,53,NULL,NULL,NO,NULL,NULL
dbo,CurrentMonthSummary,Meezan Bank Limited,4,float,NULL,53,NULL,NULL,NO,NULL,NULL
dbo,CurrentMonthSummary,Total,5,float,NULL,53,NULL,NULL,NO,NULL,NULL
dbo,DashboardSummaryMasterData,TYPE,1,varchar,19,NULL,NULL,NULL,NO,NULL,SQL_Latin1_General_CP1_CI_AS
dbo,DashboardSummaryMasterData,APR_NO,2,bigint,NULL,19,0,NULL,NO,NULL,NULL
dbo,DashboardSummaryMasterData,ATS_Date,3,date,NULL,NULL,NULL,0,YES,NULL,NULL
dbo,DashboardSummaryMasterData,APR_BANK_ID,4,int,NULL,10,0,NULL,YES,NULL,NULL
dbo,DashboardSummaryMasterData,BANK_NAME,5,varchar,100,NULL,NULL,NULL,NO,NULL,SQL_Latin1_General_CP1_CI_AS
dbo,DashboardSummaryMasterData,Tot_Receipt_Amt,6,float,NULL,53,NULL,NULL,YES,NULL,NULL
dbo,DashboardSummaryMasterData,APR_CO_ID,7,bigint,NULL,19,0,NULL,YES,NULL,NULL
dbo,DashboardSummaryMasterData,CO_Company_Name,8,varchar,100,NULL,NULL,NULL,YES,NULL,SQL_Latin1_General_CP1_CI_AS
dbo,DashboardSummaryMasterData,CRM_InsuredBy,9,varchar,-1,NULL,NULL,NULL,YES,NULL,SQL_Latin1_General_CP1_CI_AS
dbo,DashboardSummaryMasterData,CRM_CustomerName,10,varchar,-1,NULL,NULL,NULL,YES,NULL,SQL_Latin1_General_CP1_CI_AS
dbo,DashboardSummaryMasterData,LOG_DATE,11,date,NULL,NULL,NULL,0,YES,NULL,NULL
dbo,DashboardSummaryMasterData,AAI_AI_NO,12,bigint,NULL,19,0,NULL,YES,NULL,NULL
dbo,DashboardSummaryMasterData,AO_VEHICLE_ID,13,int,NULL,10,0,NULL,YES,NULL,NULL
dbo,DashboardSummaryMasterData,AI_vehicle_make,14,varchar,50,NULL,NULL,NULL,YES,NULL,SQL_Latin1_General_CP1_CI_AS
dbo,DashboardSummaryMasterData,AI_VEHICLE_MODEL,15,varchar,50,NULL,NULL,NULL,YES,NULL,SQL_Latin1_General_CP1_CI_AS
dbo,DashboardSummaryMasterData,AI_VEHICLE_CHASISNO,16,varchar,50,NULL,NULL,NULL,YES,NULL,SQL_Latin1_General_CP1_CI_AS
dbo,DashboardSummaryMasterData,AI_VEHICLE_ENGINENO,17,varchar,50,NULL,NULL,NULL,YES,NULL,SQL_Latin1_General_CP1_CI_AS
dbo,DashboardSummaryMasterData,AI_VEHICLE_DOI,18,varchar,50,NULL,NULL,NULL,YES,NULL,SQL_Latin1_General_CP1_CI_AS
dbo,DashboardSummaryMasterData,AI_VEHICLE_REGISTRATIONNO,19,varchar,50,NULL,NULL,NULL,YES,NULL,SQL_Latin1_General_CP1_CI_AS
dbo,Data_Entry_LOG,VCH_NO,1,bigint,NULL,19,0,NULL,YES,NULL,NULL
dbo,Data_Entry_LOG,VCH_TYPE,2,varchar,50,NULL,NULL,NULL,YES,NULL,SQL_Latin1_General_CP1_CI_AS
dbo,Data_Entry_LOG,PC_INSERT,3,varchar,50,NULL,NULL,NULL,YES,NULL,SQL_Latin1_General_CP1_CI_AS
dbo,Data_Entry_LOG,LOG_DATETIME_INSERT,4,datetime,NULL,NULL,NULL,3,YES,NULL,NULL
dbo,Data_Entry_LOG,PC_UPDATE,5,varchar,50,NULL,NULL,NULL,YES,NULL,SQL_Latin1_General_CP1_CI_AS
dbo,Data_Entry_LOG,LOG_DATETIME_UPDATE,6,datetime,NULL,NULL,NULL,3,YES,NULL,NULL
dbo,GL_JE_HEADER_ALL,JE_HEADER_ID,1,bigint,NULL,19,0,NULL,NO,NULL,NULL
dbo,GL_JE_HEADER_ALL,JE_VOUCHER_NO,2,bigint,NULL,19,0,NULL,YES,NULL,NULL
dbo,GL_JE_HEADER_ALL,JE_DATE,3,datetime,NULL,NULL,NULL,3,NO,NULL,NULL
dbo,GL_JE_HEADER_ALL,JE_DESCRIPTION,4,varchar,255,NULL,NULL,NULL,NO,NULL,SQL_Latin1_General_CP1_CI_AS
dbo,GL_JE_HEADER_ALL,JE_TYPE,5,varchar,50,NULL,NULL,NULL,NO,NULL,SQL_Latin1_General_CP1_CI_AS
dbo,GL_JE_HEADER_ALL,JE_POST_FLAG,6,bit,NULL,NULL,NULL,NULL,YES,NULL,NULL
dbo,GL_JE_HEADER_ALL,JE_CREATED_BY,7,int,NULL,10,0,NULL,YES,NULL,NULL
dbo,GL_JE_HEADER_ALL,JE_CREATED_DATE,8,datetime,NULL,NULL,NULL,3,YES,NULL,NULL
dbo,GL_JE_HEADER_ALL,JE_UPDATED_BY,9,int,NULL,10,0,NULL,YES,NULL,NULL
dbo,GL_JE_HEADER_ALL,JE_UPDATED_DATE,10,datetime,NULL,NULL,NULL,3,YES,NULL,NULL
dbo,GL_JE_HEADER_ALL,JE_NAME,11,varchar,150,NULL,NULL,NULL,YES,NULL,SQL_Latin1_General_CP1_CI_AS
dbo,GL_JE_LINE_UPDATE_DATE,JE_LINE_ID,1,bigint,NULL,19,0,NULL,YES,NULL,NULL
dbo,GL_JE_LINE_UPDATE_DATE,JE_HEADER_ID,2,bigint,NULL,19,0,NULL,YES,NULL,NULL
dbo,GL_JE_LINE_UPDATE_DATE,JE_AC_ID,3,int,NULL,10,0,NULL,YES,NULL,NULL
dbo,GL_JE_LINE_UPDATE_DATE,JE_ENTERED_DR,4,bigint,NULL,19,0,NULL,YES,NULL,NULL
dbo,GL_JE_LINE_UPDATE_DATE,JE_ENTERED_CR,5,bigint,NULL,19,0,NULL,YES,NULL,NULL
dbo,GL_JE_LINES_ALL,JE_LINE_ID,1,bigint,NULL,19,0,NULL,NO,NULL,NULL
dbo,GL_JE_LINES_ALL,JE_HEADER_ID,2,bigint,NULL,19,0,NULL,NO,NULL,NULL
dbo,GL_JE_LINES_ALL,JE_AC_ID,3,bigint,NULL,19,0,NULL,NO,NULL,NULL
dbo,GL_JE_LINES_ALL,JE_ENTERED_DR,4,float,NULL,53,NULL,NULL,YES,NULL,NULL
dbo,GL_JE_LINES_ALL,JE_ENTERED_CR,5,float,NULL,53,NULL,NULL,YES,NULL,NULL
dbo,GL_JE_LINES_ALL,JE_DESCRIPTION_LINE,6,varchar,255,NULL,NULL,NULL,YES,NULL,SQL_Latin1_General_CP1_CI_AS
dbo,INV_BOM,IB_ID,1,bigint,NULL,19,0,NULL,NO,NULL,NULL
dbo,INV_BOM,FIN_ITEM_ID,2,bigint,NULL,19,0,NULL,YES,NULL,NULL
dbo,INV_BOM,RAW_ITEM,3,bigint,NULL,19,0,NULL,YES,NULL,NULL
dbo,INV_BOM,QTY,4,float,NULL,53,NULL,NULL,YES,NULL,NULL
dbo,INV_Configuration,Config_No,1,bigint,NULL,19,0,NULL,NO,NULL,NULL
dbo,INV_Configuration,Config_Date,2,datetime,NULL,NULL,NULL,3,YES,NULL,NULL
dbo,INV_Configuration,Remarks,3,varchar,100,NULL,NULL,NULL,YES,NULL,SQL_Latin1_General_CP1_CI_AS
dbo,INV_Configuration,D_Product_ID,4,bigint,NULL,19,0,NULL,YES,NULL,NULL
dbo,INV_Configuration,Serial_No,5,varchar,50,NULL,NULL,NULL,YES,NULL,SQL_Latin1_General_CP1_CI_AS
dbo,INV_Configuration,S_Product_ID,6,bigint,NULL,19,0,NULL,YES,NULL,NULL
dbo,INV_Configuration,Voice_No,7,varchar,50,NULL,NULL,NULL,YES,NULL,SQL_Latin1_General_CP1_CI_AS
dbo,INV_Configuration,TGDID,8,varchar,3,NULL,NULL,NULL,YES,NULL,SQL_Latin1_General_CP1_CI_AS
dbo,INV_Configuration,SeqNo,9,int,NULL,10,0,NULL,YES,NULL,NULL
dbo,INV_Contain,CONT_ID,1,int,NULL,10,0,NULL,NO,NULL,NULL
dbo,INV_Contain,CONT_Descr,2,int,NULL,10,0,NULL,YES,NULL,NULL
dbo,INV_ENTRY,IE_ID,1,bigint,NULL,19,0,NULL,NO,NULL,NULL
dbo,INV_ENTRY,JV_NO,2,bigint,NULL,19,0,NULL,YES,NULL,NULL
dbo,INV_ENTRY,TYPE,3,varchar,3,NULL,NULL,NULL,YES,NULL,SQL_Latin1_General_CP1_CI_AS
dbo,INV_ENTRY,DATE,4,datetime,NULL,NULL,NULL,3,YES,NULL,NULL
dbo,INV_ENTRY,IE_TYPE,5,varchar,50,NULL,NULL,NULL,YES,NULL,SQL_Latin1_General_CP1_CI_AS
dbo,INV_ENTRY,CO_ID,6,int,NULL,10,0,NULL,YES,NULL,NULL
dbo,INV_ENTRY,REMARKS,7,varchar,50,NULL,NULL,NULL,YES,NULL,SQL_Latin1_General_CP1_CI_AS
dbo,INV_ENTRY,HarRcpt,8,bit,NULL,NULL,NULL,NULL,YES,NULL,NULL
dbo,INV_ENTRY,ITEM,9,bigint,NULL,19,0,NULL,YES,NULL,NULL
dbo,INV_ENTRY,Item_Type,10,varchar,50,NULL,NULL,NULL,YES,NULL,SQL_Latin1_General_CP1_CI_AS
dbo,INV_ENTRY,Item_Serial_Voice_No,11,varchar,50,NULL,NULL,NULL,YES,NULL,SQL_Latin1_General_CP1_CI_AS
dbo,INV_ENTRY,RecDate,12,datetime,NULL,NULL,NULL,3,YES,NULL,NULL
dbo,INV_ENTRY,Status,13,varchar,50,NULL,NULL,NULL,YES,NULL,SQL_Latin1_General_CP1_CI_AS
dbo,INV_ENTRY,QTY,14,float,NULL,53,NULL,NULL,YES,NULL,NULL
dbo,INV_ENTRY,Others,15,varchar,100,NULL,NULL,NULL,YES,NULL,SQL_Latin1_General_CP1_CI_AS
dbo,INV_ENTRY,TGDID,16,varchar,3,NULL,NULL,NULL,YES,NULL,SQL_Latin1_General_CP1_CI_AS
dbo,INV_ENTRY,FGDID,17,varchar,3,NULL,NULL,NULL,YES,NULL,SQL_Latin1_General_CP1_CI_AS
dbo,INV_ENTRY,SerialNo,18,varchar,50,NULL,NULL,NULL,YES,NULL,SQL_Latin1_General_CP1_CI_AS
dbo,INV_ENTRY,VoiceNo,19,varchar,50,NULL,NULL,NULL,YES,NULL,SQL_Latin1_General_CP1_CI_AS
dbo,INV_ENTRY,ReceiverName,20,varchar,50,NULL,NULL,NULL,YES,NULL,SQL_Latin1_General_CP1_CI_AS
dbo,INV_ENTRY,RegistrationNo,21,varchar,50,NULL,NULL,NULL,YES,NULL,SQL_Latin1_General_CP1_CI_AS
dbo,INV_ENTRY,EngineNo,22,varchar,50,NULL,NULL,NULL,YES,NULL,SQL_Latin1_General_CP1_CI_AS
dbo,INV_ENTRY,ChasisNo,23,varchar,50,NULL,NULL,NULL,YES,NULL,SQL_Latin1_General_CP1_CI_AS
dbo,INV_ENTRY,ModelNo,24,varchar,50,NULL,NULL,NULL,YES,NULL,SQL_Latin1_General_CP1_CI_AS
dbo,INV_ENTRY,SeqNo,25,bigint,NULL,19,0,NULL,YES,NULL,NULL
dbo,INV_ITEM,product_id,1,bigint,NULL,19,0,NULL,NO,NULL,NULL
dbo,INV_ITEM,product_name,2,varchar,50,NULL,NULL,NULL,NO,NULL,SQL_Latin1_General_CP1_CI_AS
dbo,INV_ITEM,product_um,3,varchar,50,NULL,NULL,NULL,YES,NULL,SQL_Latin1_General_CP1_CI_AS
dbo,INV_ITEM,Type,4,varchar,50,NULL,NULL,NULL,YES,NULL,SQL_Latin1_General_CP1_CI_AS
dbo,INV_ITEM,product_ac_id,5,int,NULL,10,0,NULL,YES,NULL,NULL
dbo,INV_Item_Mstr,Item_Combination_ID,1,int,NULL,10,0,NULL,NO,NULL,NULL
dbo,INV_Item_Mstr,ISC_Combination_ID,2,int,NULL,10,0,NULL,NO,NULL,NULL
dbo,INV_Item_Mstr,IC_ID,3,int,NULL,10,0,NULL,NO,NULL,NULL
dbo,INV_Item_Mstr,ISC_ID,4,int,NULL,10,0,NULL,NO,NULL,NULL
dbo,INV_Item_Mstr,Item_ID,5,bigint,NULL,19,0,NULL,NO,NULL,NULL
dbo,INV_Item_Mstr,Item_Code,6,varchar,10,NULL,NULL,NULL,NO,NULL,SQL_Latin1_General_CP1_CI_AS
dbo,INV_Item_Mstr,Item_Descr,7,varchar,200,NULL,NULL,NULL,YES,NULL,SQL_Latin1_General_CP1_CI_AS
dbo,INV_Item_Mstr,IC_AC_ID,8,int,NULL,10,0,NULL,NO,NULL,NULL
dbo,INV_Item_Sub_Category,ISC_Combination_ID,1,int,NULL,10,0,NULL,NO,NULL,NULL
dbo,INV_Item_Sub_Category,IC_ID,2,int,NULL,10,0,NULL,YES,NULL,NULL
dbo,INV_Item_Sub_Category,IC_Descr,3,varchar,100,NULL,NULL,NULL,YES,NULL,SQL_Latin1_General_CP1_CI_AS
dbo,INV_Item_Sub_Category,ISC_ID,4,int,NULL,10,0,NULL,NO,NULL,NULL
dbo,INV_Item_Sub_Category,ISC_Descr,5,varchar,100,NULL,NULL,NULL,YES,NULL,SQL_Latin1_General_CP1_CI_AS
dbo,INV_LOC_ITEM_OPEN,ILIO,1,bigint,NULL,19,0,NULL,NO,NULL,NULL
dbo,INV_LOC_ITEM_OPEN,GDID,2,varchar,3,NULL,NULL,NULL,NO,NULL,SQL_Latin1_General_CP1_CI_AS
dbo,INV_LOC_ITEM_OPEN,ITEM,3,bigint,NULL,19,0,NULL,NO,NULL,NULL
dbo,INV_LOC_ITEM_OPEN,OP_BAL_Q,4,float,NULL,53,NULL,NULL,YES,NULL,NULL
dbo,INV_LOC_ITEM_OPEN,OP_RATE,5,float,NULL,53,NULL,NULL,YES,NULL,NULL
dbo,INV_LOCATION,GDID,1,varchar,3,NULL,NULL,NULL,NO,NULL,SQL_Latin1_General_CP1_CI_AS
dbo,INV_LOCATION,GDNAME,2,varchar,50,NULL,NULL,NULL,YES,NULL,SQL_Latin1_General_CP1_CI_AS
dbo,INV_LOCATION,GDADDRESS,3,varchar,50,NULL,NULL,NULL,YES,NULL,SQL_Latin1_General_CP1_CI_AS
dbo,INV_Packing,PK_ID,1,int,NULL,10,0,NULL,NO,NULL,NULL
dbo,INV_Packing,PK_Descr,2,varchar,100,NULL,NULL,NULL,YES,NULL,SQL_Latin1_General_CP1_CI_AS
dbo,INV_Requisition,Req_No,1,bigint,NULL,19,0,NULL,NO,NULL,NULL
dbo,INV_Requisition,Req_Date,2,datetime,NULL,NULL,NULL,3,YES,NULL,NULL
dbo,INV_Requisition,Remarks,3,varchar,100,NULL,NULL,NULL,YES,NULL,SQL_Latin1_General_CP1_CI_AS
dbo,INV_Requisition,Product_ID,4,bigint,NULL,19,0,NULL,YES,NULL,NULL
dbo,INV_Requisition,Req_Qty,5,float,NULL,53,NULL,NULL,YES,NULL,NULL
dbo,INV_Requisition,Admin_Qty,6,float,NULL,53,NULL,NULL,YES,NULL,NULL
dbo,INV_Requisition,SeqNO,7,bigint,NULL,19,0,NULL,YES,NULL,NULL
dbo,INV_UnitOfMeasure,UOM_ID,1,int,NULL,10,0,NULL,NO,NULL,NULL
dbo,INV_UnitOfMeasure,UOM_Code,2,varchar,50,NULL,NULL,NULL,YES,NULL,SQL_Latin1_General_CP1_CI_AS
dbo,INV_UnitOfMeasure,UOM_Descr,3,varchar,50,NULL,NULL,NULL,YES,NULL,SQL_Latin1_General_CP1_CI_AS
dbo,je_Data_LOG,USERID,1,int,NULL,10,0,NULL,YES,NULL,NULL
dbo,je_Data_LOG,Entry_date,2,datetime,NULL,NULL,NULL,3,YES,NULL,NULL
dbo,je_Data_LOG,STATEMENT,3,varchar,8000,NULL,NULL,NULL,YES,NULL,SQL_Latin1_General_CP1_CI_AS
dbo,je_Data_LOG,navistatus,4,int,NULL,10,0,NULL,YES,NULL,NULL
dbo,je_Data_LOG,logid,5,bigint,NULL,19,0,NULL,NO,NULL,NULL
dbo,LastMonthSummary,ATS_Date,1,date,NULL,NULL,NULL,0,YES,NULL,NULL
dbo,LastMonthSummary,Bank Islami Pakistan Limited,2,decimal,NULL,38,2,NULL,NO,NULL,NULL
dbo,LastMonthSummary,Dubai Islamic Bank Limited,3,decimal,NULL,38,2,NULL,NO,NULL,NULL
dbo,LastMonthSummary,Meezan Bank Limited,4,decimal,NULL,38,2,NULL,NO,NULL,NULL
dbo,LastMonthSummary,Total,5,decimal,NULL,38,2,NULL,YES,NULL,NULL
dbo,Menu_option,menu_id,1,bigint,NULL,19,0,NULL,NO,NULL,NULL
dbo,Menu_option,menu_respid,2,int,NULL,10,0,NULL,NO,NULL,NULL
dbo,Menu_option,menu_option_key,3,varchar,50,NULL,NULL,NULL,NO,NULL,SQL_Latin1_General_CP1_CI_AS
dbo,Menu_option,menu_option_name,4,varchar,50,NULL,NULL,NULL,NO,NULL,SQL_Latin1_General_CP1_CI_AS
dbo,NATURAL_ACCOUNT,NA_ID,1,char,6,NULL,NULL,NULL,NO,NULL,SQL_Latin1_General_CP1_CI_AS
dbo,NATURAL_ACCOUNT,NA_NAME,2,varchar,100,NULL,NULL,NULL,NO,NULL,SQL_Latin1_General_CP1_CI_AS
dbo,NotesMaster,NoteID,1,float,NULL,53,NULL,NULL,NO,NULL,NULL
dbo,NotesMaster,COMBINATION_ID,2,bigint,NULL,19,0,NULL,NO,NULL,NULL
dbo,NotesMaster,NoteDetail,3,varchar,150,NULL,NULL,NULL,YES,NULL,SQL_Latin1_General_CP1_CI_AS
dbo,NotesMaster,NoteCategory,4,varchar,50,NULL,NULL,NULL,YES,NULL,SQL_Latin1_General_CP1_CI_AS
dbo,NotesMaster,NoteDescription,5,varchar,200,NULL,NULL,NULL,YES,NULL,SQL_Latin1_General_CP1_CI_AS
dbo,Organizational_Unit,ORG_ID,1,char,4,NULL,NULL,NULL,NO,NULL,SQL_Latin1_General_CP1_CI_AS
dbo,Organizational_Unit,ORG_NAME,2,varchar,50,NULL,NULL,NULL,NO,NULL,SQL_Latin1_General_CP1_CI_AS
dbo,payment_sms,SNo,1,int,NULL,10,0,NULL,NO,NULL,NULL
dbo,payment_sms,APR_NO,2,bigint,NULL,19,0,NULL,NO,NULL,NULL
dbo,payment_sms,APR_DATE,3,datetime,NULL,NULL,NULL,3,YES,NULL,NULL
dbo,payment_sms,SMS_SEND,4,bit,NULL,NULL,NULL,NULL,YES,NULL,NULL
dbo,PaymentReceipts_For_CRM_Dashboard,APR_NO,1,varchar,50,NULL,NULL,NULL,YES,NULL,SQL_Latin1_General_CP1_CI_AS
dbo,PaymentReceipts_For_CRM_Dashboard,APR_DATE,2,datetime,NULL,NULL,NULL,3,YES,NULL,NULL
dbo,PaymentReceipts_For_CRM_Dashboard,APR_DESCRIPTION,3,nvarchar,255,NULL,NULL,NULL,YES,NULL,SQL_Latin1_General_CP1_CI_AS
dbo,PaymentReceipts_For_CRM_Dashboard,APR_CO_ID,4,int,NULL,10,0,NULL,YES,NULL,NULL
dbo,PaymentReceipts_For_CRM_Dashboard,APR_BANK_ID,5,int,NULL,10,0,NULL,YES,NULL,NULL
dbo,PaymentReceipts_For_CRM_Dashboard,APR_POST,6,bit,NULL,NULL,NULL,NULL,YES,NULL,NULL
dbo,PaymentReceipts_For_CRM_Dashboard,APR_GL,7,bit,NULL,NULL,NULL,NULL,YES,NULL,NULL
dbo,PaymentReceipts_For_CRM_Dashboard,APR_Cancel,8,bit,NULL,NULL,NULL,NULL,YES,NULL,NULL
dbo,PaymentReceipts_For_CRM_Dashboard,AAI_AI_NO,9,varchar,50,NULL,NULL,NULL,YES,NULL,SQL_Latin1_General_CP1_CI_AS
dbo,PaymentReceipts_For_CRM_Dashboard,AAI_AI_DATE,10,datetime,NULL,NULL,NULL,3,YES,NULL,NULL
dbo,PaymentReceipts_For_CRM_Dashboard,AAI_AI_AMOUNT,11,decimal,NULL,18,2,NULL,YES,NULL,NULL
dbo,PaymentReceipts_For_CRM_Dashboard,AAI_PEN_AMOUNT,12,decimal,NULL,18,2,NULL,YES,NULL,NULL
dbo,PaymentReceipts_For_CRM_Dashboard,AAI_ADJUST,13,decimal,NULL,18,2,NULL,YES,NULL,NULL
dbo,PaymentReceipts_For_CRM_Dashboard,AO_VEHICLE_ID,14,varchar,50,NULL,NULL,NULL,YES,NULL,SQL_Latin1_General_CP1_CI_AS
dbo,PaymentReceipts_For_CRM_Dashboard,AI_vehicle_make,15,nvarchar,100,NULL,NULL,NULL,YES,NULL,SQL_Latin1_General_CP1_CI_AS
dbo,PaymentReceipts_For_CRM_Dashboard,AI_VEHICLE_MODEL,16,nvarchar,100,NULL,NULL,NULL,YES,NULL,SQL_Latin1_General_CP1_CI_AS
dbo,PaymentReceipts_For_CRM_Dashboard,AI_VEHICLE_CHASISNO,17,nvarchar,100,NULL,NULL,NULL,YES,NULL,SQL_Latin1_General_CP1_CI_AS
dbo,PaymentReceipts_For_CRM_Dashboard,AI_VEHICLE_ENGINENO,18,nvarchar,100,NULL,NULL,NULL,YES,NULL,SQL_Latin1_General_CP1_CI_AS
dbo,PaymentReceipts_For_CRM_Dashboard,AI_VEHICLE_DOI,19,datetime,NULL,NULL,NULL,3,YES,NULL,NULL
dbo,PaymentReceipts_For_CRM_Dashboard,AI_VEHICLE_REGISTRATIONNO,20,nvarchar,100,NULL,NULL,NULL,YES,NULL,SQL_Latin1_General_CP1_CI_AS
dbo,PaymentReceipts_For_CRM_Dashboard,CRM_TRANS_ID,21,int,NULL,10,0,NULL,YES,NULL,NULL
dbo,PaymentReceipts_For_CRM_Dashboard,BANK_NAME,22,nvarchar,100,NULL,NULL,NULL,YES,NULL,SQL_Latin1_General_CP1_CI_AS
dbo,PaymentReceipts_For_CRM_Dashboard,CO_Company_Name,23,nvarchar,200,NULL,NULL,NULL,YES,NULL,SQL_Latin1_General_CP1_CI_AS
dbo,PaymentReceipts_For_CRM_Dashboard,CRM_InsuredBy,24,nvarchar,200,NULL,NULL,NULL,YES,NULL,SQL_Latin1_General_CP1_CI_AS
dbo,PaymentReceipts_For_CRM_Dashboard,CRM_CustomerName,25,nvarchar,200,NULL,NULL,NULL,YES,NULL,SQL_Latin1_General_CP1_CI_AS
dbo,Period_Closing,Period_Close_date,1,datetime,NULL,NULL,NULL,3,YES,NULL,NULL
dbo,Period_Closing,Period_Close_on,2,datetime,NULL,NULL,NULL,3,YES,NULL,NULL
dbo,Period_Closing,period_Close_by,3,int,NULL,10,0,NULL,YES,NULL,NULL
dbo,PI_INVOICE,PI_NO,1,bigint,NULL,19,0,NULL,NO,NULL,NULL
dbo,PI_INVOICE,PI_DATE,2,datetime,NULL,NULL,NULL,3,YES,NULL,NULL
dbo,PI_INVOICE,PI_Pur_Type,3,varchar,50,NULL,NULL,NULL,YES,NULL,SQL_Latin1_General_CP1_CI_AS
dbo,PI_INVOICE,PI_REMARKS,4,varchar,100,NULL,NULL,NULL,YES,NULL,SQL_Latin1_General_CP1_CI_AS
dbo,PI_INVOICE,PI_SUPPLIER_REF,5,varchar,50,NULL,NULL,NULL,YES,NULL,SQL_Latin1_General_CP1_CI_AS
dbo,PI_INVOICE,PI_Item_Combination_ID,6,bigint,NULL,19,0,NULL,YES,NULL,NULL
dbo,PI_INVOICE,PI_AC_ID,7,int,NULL,10,0,NULL,YES,NULL,NULL
dbo,PI_INVOICE,PI_RMKS,8,varchar,200,NULL,NULL,NULL,YES,NULL,SQL_Latin1_General_CP1_CI_AS
dbo,PI_INVOICE,PI_QTY,9,float,NULL,53,NULL,NULL,YES,NULL,NULL
dbo,PI_INVOICE,PI_RATE,10,float,NULL,53,NULL,NULL,YES,NULL,NULL
dbo,PI_INVOICE,PI_AMOUNT,11,float,NULL,53,NULL,NULL,YES,NULL,NULL
dbo,PI_INVOICE,PI_GST,12,float,NULL,53,NULL,NULL,YES,NULL,NULL
dbo,PI_INVOICE,PI_AST,13,float,NULL,53,NULL,NULL,YES,NULL,NULL
dbo,PI_INVOICE,PI_NET_AMOUNT,14,float,NULL,53,NULL,NULL,YES,NULL,NULL
dbo,PI_INVOICE,PI_TYPE,15,varchar,50,NULL,NULL,NULL,YES,NULL,SQL_Latin1_General_CP1_CI_AS
dbo,PI_INVOICE,PI_POST,16,bit,NULL,NULL,NULL,NULL,YES,NULL,NULL
dbo,PI_INVOICE,PI_AS_ID,17,int,NULL,10,0,NULL,YES,NULL,NULL
dbo,PI_INVOICE,PI_CANCEL,18,bit,NULL,NULL,NULL,NULL,YES,NULL,NULL
dbo,PI_INVOICE,PI_CANCEL_DATE,19,datetime,NULL,NULL,NULL,3,YES,NULL,NULL
dbo,PI_INVOICE,PI_INV_GL,20,bit,NULL,NULL,NULL,NULL,YES,NULL,NULL
dbo,PI_INVOICE,PI_CAN_GL,21,bit,NULL,NULL,NULL,NULL,YES,NULL,NULL
dbo,PI_INVOICE,PI_PAY_TO,22,varchar,50,NULL,NULL,NULL,YES,NULL,SQL_Latin1_General_CP1_CI_AS
dbo,PI_Invoice_Item_Serial_Nos,PI_NO,1,int,NULL,10,0,NULL,YES,NULL,NULL
dbo,PI_Invoice_Item_Serial_Nos,PI_Item_Combination_ID,2,int,NULL,10,0,NULL,YES,NULL,NULL
dbo,PI_Invoice_Item_Serial_Nos,Item_Type,3,varchar,10,NULL,NULL,NULL,YES,NULL,SQL_Latin1_General_CP1_CI_AS
dbo,PI_Invoice_Item_Serial_Nos,D_Serial_No,4,varchar,20,NULL,NULL,NULL,YES,NULL,SQL_Latin1_General_CP1_CI_AS
dbo,PI_Invoice_Item_Serial_Nos,D_IMEI_No,5,varchar,20,NULL,NULL,NULL,YES,NULL,SQL_Latin1_General_CP1_CI_AS
dbo,PI_Invoice_Item_Serial_Nos,S_SIM_No,6,varchar,20,NULL,NULL,NULL,YES,NULL,SQL_Latin1_General_CP1_CI_AS
dbo,PI_Invoice_Item_Serial_Nos,S_IMEI_No,7,varchar,20,NULL,NULL,NULL,YES,NULL,SQL_Latin1_General_CP1_CI_AS
dbo,PI_Invoice_Item_Serial_Nos,S_ICCID_No,8,varchar,20,NULL,NULL,NULL,YES,NULL,SQL_Latin1_General_CP1_CI_AS
dbo,PI_Invoice_Item_Serial_Nos,S_MSISDN_No,9,varchar,20,NULL,NULL,NULL,YES,NULL,SQL_Latin1_General_CP1_CI_AS
dbo,PI_Invoice_Item_Serial_Nos,PIID,10,int,NULL,10,0,NULL,NO,NULL,NULL
dbo,PI_Issuance,IDSRM_No,1,int,NULL,10,0,NULL,NO,NULL,NULL
dbo,PI_Issuance,IDSRM_Date,2,datetime,NULL,NULL,NULL,3,NO,NULL,NULL
dbo,PI_Issuance,Item_Type,3,varchar,10,NULL,NULL,NULL,NO,NULL,SQL_Latin1_General_CP1_CI_AS
dbo,PI_Issuance,IDSRM_Remarks,4,varchar,255,NULL,NULL,NULL,YES,NULL,SQL_Latin1_General_CP1_CI_AS
dbo,PI_Issuance,PI_Item_Combination_ID,5,int,NULL,10,0,NULL,NO,NULL,NULL
dbo,PI_Issuance,Iss_Qty,6,float,NULL,53,NULL,NULL,NO,NULL,NULL
dbo,PI_Issuance,IDSRM_Post,7,bit,NULL,NULL,NULL,NULL,YES,NULL,NULL
dbo,PI_Issuance,IDSRM_Cancel,8,bit,NULL,NULL,NULL,NULL,YES,NULL,NULL
dbo,PI_Issuance_Diag,IDSRM_No,1,int,NULL,10,0,NULL,NO,NULL,NULL
dbo,PI_Issuance_Diag,IDSRM_Date,2,datetime,NULL,NULL,NULL,3,NO,NULL,NULL
dbo,PI_Issuance_Diag,Item_Type,3,varchar,10,NULL,NULL,NULL,NO,NULL,SQL_Latin1_General_CP1_CI_AS
dbo,PI_Issuance_Diag,IDSRM_Remarks,4,varchar,255,NULL,NULL,NULL,YES,NULL,SQL_Latin1_General_CP1_CI_AS
dbo,PI_Issuance_Diag,PI_Item_Combination_ID,5,int,NULL,10,0,NULL,NO,NULL,NULL
dbo,PI_Issuance_Diag,Iss_Qty,6,float,NULL,53,NULL,NULL,NO,NULL,NULL
dbo,PI_Issuance_Diag,IDSRM_Post,7,bit,NULL,NULL,NULL,NULL,YES,NULL,NULL
dbo,PI_Issuance_Diag,IDSRM_Cancel,8,bit,NULL,NULL,NULL,NULL,YES,NULL,NULL
dbo,PI_Issuance_Diag_Item_Serial_Nos,IDSRM_No,1,int,NULL,10,0,NULL,NO,NULL,NULL
dbo,PI_Issuance_Diag_Item_Serial_Nos,PI_Item_Combination_ID,2,int,NULL,10,0,NULL,NO,NULL,NULL
dbo,PI_Issuance_Diag_Item_Serial_Nos,IDSRM_TYPE,3,varchar,50,NULL,NULL,NULL,NO,NULL,SQL_Latin1_General_CP1_CI_AS
dbo,PI_Issuance_Diag_Item_Serial_Nos,Iss_Dtl_Qty,4,float,NULL,53,NULL,NULL,NO,NULL,NULL
dbo,PI_Issuance_Diag_Item_Serial_Nos,DS_No,5,varchar,50,NULL,NULL,NULL,NO,NULL,SQL_Latin1_General_CP1_CI_AS
dbo,PI_Issuance_Diag_Item_Serial_Nos,IDSRM_ID,6,int,NULL,10,0,NULL,NO,NULL,NULL
dbo,PI_Issuance_Item_Serial_Nos,IDSRM_No,1,int,NULL,10,0,NULL,NO,NULL,NULL
dbo,PI_Issuance_Item_Serial_Nos,PI_Item_Combination_ID,2,int,NULL,10,0,NULL,NO,NULL,NULL
dbo,PI_Issuance_Item_Serial_Nos,IDSRM_TYPE,3,varchar,50,NULL,NULL,NULL,NO,NULL,SQL_Latin1_General_CP1_CI_AS
dbo,PI_Issuance_Item_Serial_Nos,Iss_Dtl_Qty,4,float,NULL,53,NULL,NULL,NO,NULL,NULL
dbo,PI_Issuance_Item_Serial_Nos,DS_No,5,varchar,50,NULL,NULL,NULL,NO,NULL,SQL_Latin1_General_CP1_CI_AS
dbo,PI_Issuance_Item_Serial_Nos,IDSRM_ID,6,int,NULL,10,0,NULL,NO,NULL,NULL
dbo,Responsibilties,RESPID,1,int,NULL,10,0,NULL,NO,NULL,NULL
dbo,Responsibilties,RESPNAME,2,varchar,50,NULL,NULL,NULL,NO,NULL,SQL_Latin1_General_CP1_CI_AS
dbo,SUB_ACCOUNT,SA_ID,1,char,4,NULL,NULL,NULL,NO,NULL,SQL_Latin1_General_CP1_CI_AS
dbo,SUB_ACCOUNT,SA_NAME,2,varchar,50,NULL,NULL,NULL,NO,NULL,SQL_Latin1_General_CP1_CI_AS
dbo,sysdiagrams,name,1,nvarchar,128,NULL,NULL,NULL,NO,NULL,SQL_Latin1_General_CP1_CI_AS
dbo,sysdiagrams,principal_id,2,int,NULL,10,0,NULL,NO,NULL,NULL
dbo,sysdiagrams,diagram_id,3,int,NULL,10,0,NULL,NO,NULL,NULL
dbo,sysdiagrams,version,4,int,NULL,10,0,NULL,YES,NULL,NULL
dbo,sysdiagrams,definition,5,varbinary,-1,NULL,NULL,NULL,YES,NULL,NULL
dbo,TAX_DETAIL,TD_ID,1,int,NULL,10,0,NULL,NO,NULL,NULL
dbo,TAX_DETAIL,TD_ACTIVE_ON,2,datetime,NULL,NULL,NULL,3,NO,NULL,NULL
dbo,TAX_DETAIL,TD_DESCRIPTION,3,varchar,50,NULL,NULL,NULL,NO,NULL,SQL_Latin1_General_CP1_CI_AS
dbo,TAX_DETAIL,TD_AC_ID,4,bigint,NULL,19,0,NULL,NO,NULL,NULL
dbo,TAX_DETAIL,TD_AGE,5,float,NULL,53,NULL,NULL,NO,NULL,NULL
dbo,TAX_DETAIL,TD_TM_ID,6,int,NULL,10,0,NULL,NO,NULL,NULL
dbo,TAX_DETAIL,TD_WHT,7,bigint,NULL,19,0,NULL,YES,NULL,NULL
dbo,TAX_MASTER,TM_ID,1,int,NULL,10,0,NULL,NO,NULL,NULL
dbo,TAX_MASTER,TM_DESCRIPTION,2,varchar,50,NULL,NULL,NULL,NO,NULL,SQL_Latin1_General_CP1_CI_AS
dbo,Test_TB_Eng_Reg_Ch_Search,AI_VEHICLE_ENGINENO,1,varchar,50,NULL,NULL,NULL,YES,NULL,SQL_Latin1_General_CP1_CI_AS
dbo,Test_TB_Eng_Reg_Ch_Search,AI_VEHICLE_REGISTRATIONNO,2,varchar,50,NULL,NULL,NULL,YES,NULL,SQL_Latin1_General_CP1_CI_AS
dbo,Test_TB_Eng_Reg_Ch_Search,AI_VEHICLE_CHASISNO,3,varchar,50,NULL,NULL,NULL,YES,NULL,SQL_Latin1_General_CP1_CI_AS
dbo,Update_AR_Invoice_Co_ID,APR_NO,1,bigint,NULL,19,0,NULL,YES,NULL,NULL
dbo,Update_AR_Invoice_Co_ID,APR_DESCRIPTION,2,varchar,200,NULL,NULL,NULL,YES,NULL,SQL_Latin1_General_CP1_CI_AS
dbo,Update_AR_INVOICE_INFO_SELECTED,AI_AO_NO,1,varchar,50,NULL,NULL,NULL,YES,NULL,SQL_Latin1_General_CP1_CI_AS
dbo,Update_AR_ORDER_AO_DATE,AO_NO,1,bigint,NULL,19,0,NULL,YES,NULL,NULL
dbo,Update_AR_ORDER_AO_DATE,AI_INV_DATE,2,datetime,NULL,NULL,NULL,3,YES,NULL,NULL
dbo,update_Ar_Order_Price,AO_NO,1,int,NULL,10,0,NULL,NO,NULL,NULL
dbo,update_Ar_Order_Price,AO_PRICE2,2,float,NULL,53,NULL,NULL,YES,NULL,NULL
dbo,update_Ar_Order_Price,AO_PRICE3,3,float,NULL,53,NULL,NULL,YES,NULL,NULL
dbo,update_Ar_Order_Price,AO_PRICE4,4,float,NULL,53,NULL,NULL,YES,NULL,NULL
dbo,update_Ar_Order_Price,AO_PRICE5,5,float,NULL,53,NULL,NULL,YES,NULL,NULL
dbo,update_Ar_Order_Price,AO_PRICE6,6,float,NULL,53,NULL,NULL,YES,NULL,NULL
dbo,update_Ar_Order_Price,AO_PRICE7,7,float,NULL,53,NULL,NULL,YES,NULL,NULL
dbo,update_Ar_Order_Price,AO_PRICE8,8,float,NULL,53,NULL,NULL,YES,NULL,NULL
dbo,update_Ar_Order_Price,AO_PRICE9,9,float,NULL,53,NULL,NULL,YES,NULL,NULL
dbo,update_Ar_Order_Price,AO_PRICE10,10,float,NULL,53,NULL,NULL,YES,NULL,NULL
dbo,update_Ar_Order_Price,AO_PRICE11,11,float,NULL,53,NULL,NULL,YES,NULL,NULL
dbo,update_Ar_Order_Price,AO_PRICE12,12,float,NULL,53,NULL,NULL,YES,NULL,NULL
dbo,update_Ar_Order_Price,SeqNo,13,int,NULL,10,0,NULL,YES,NULL,NULL
dbo,update_Ar_Order_Price,ElementID,14,int,NULL,10,0,NULL,YES,NULL,NULL
dbo,USER_MENU_ASSIGN,UA_ID,1,bigint,NULL,19,0,NULL,NO,NULL,NULL
dbo,USER_MENU_ASSIGN,UA_UserID,2,int,NULL,10,0,NULL,NO,NULL,NULL
dbo,USER_MENU_ASSIGN,UA_MENU_ID,3,bigint,NULL,19,0,NULL,NO,NULL,NULL
dbo,User_Resp,UR_ID,1,int,NULL,10,0,NULL,NO,NULL,NULL
dbo,User_Resp,USERID,2,int,NULL,10,0,NULL,NO,NULL,NULL
dbo,User_Resp,RESPID,3,int,NULL,10,0,NULL,NO,NULL,NULL
dbo,UserLogin,USERID,1,int,NULL,10,0,NULL,NO,NULL,NULL
dbo,UserLogin,USERNAME,2,varchar,50,NULL,NULL,NULL,NO,NULL,SQL_Latin1_General_CP1_CI_AS
dbo,UserLogin,PASSWORD,3,varchar,50,NULL,NULL,NULL,NO,NULL,SQL_Latin1_General_CP1_CI_AS
dbo,Users,id,1,int,NULL,10,0,NULL,NO,NULL,NULL
dbo,Users,username,2,varchar,50,NULL,NULL,NULL,NO,NULL,SQL_Latin1_General_CP1_CI_AS
dbo,Users,password,3,varchar,255,NULL,NULL,NULL,NO,NULL,SQL_Latin1_General_CP1_CI_AS
dbo,Users,full_name,4,varchar,100,NULL,NULL,NULL,NO,NULL,SQL_Latin1_General_CP1_CI_AS
dbo,Users,email,5,varchar,100,NULL,NULL,NULL,YES,NULL,SQL_Latin1_General_CP1_CI_AS
dbo,Users,role,6,varchar,20,NULL,NULL,NULL,YES,('user'),SQL_Latin1_General_CP1_CI_AS
dbo,Users,created_at,7,datetime,NULL,NULL,NULL,3,YES,(getdate()),NULL
dbo,Users,is_active,8,bit,NULL,NULL,NULL,NULL,YES,((1)),NULL
